fare_log_z,age_z,family_cat_grande,family_cat_pequena,family_cat_solo,sexo_clase_hombre_1,sexo_clase_hombre_2,sexo_clase_hombre_3,sexo_clase_mujer_1,sexo_clase_mujer_2,sexo_clase_mujer_3,sex_male,pclass,es_nino,deck_conocido,survived
-0.8797405693934278,-0.5348911628688886,0.0,1.0,0.0,0.0,0.0,1.0,0.0,0.0,0.0,1,3,0,0,0
1.3612199269233833,0.6683917564561223,0.0,1.0,0.0,0.0,0.0,0.0,1.0,0.0,0.0,0,1,0,1,1
-0.798539974052802,-0.23407043303763592,0.0,0.0,1.0,0.0,0.0,0.0,0.0,0.0,1.0,0,3,0,0,1
1.0620380556287106,0.4427762090826827,0.0,1.0,0.0,0.0,0.0,0.0,1.0,0.0,0.0,0,1,0,1,1
-0.7841792430073967,0.4427762090826827,0.0,0.0,1.0,0.0,0.0,1.0,0.0,0.0,0.0,1,3,0,0,0
-0.7386163019798164,-0.3092756154954491,0.0,0.0,1.0,0.0,0.0,1.0,0.0,0.0,0.0,1,3,0,0,0
1.038145562232327,1.8716746757811333,0.0,0.0,1.0,1.0,0.0,0.0,0.0,0.0,0.0,1,1,0,1,0
0.1364991380659541,-2.038994812025152,1.0,0.0,0.0,0.0,0.0,1.0,0.0,0.0,0.0,1,3,1,0,0
-0.48145578049281335,-0.15886525057982273,0.0,1.0,0.0,0.0,0.0,0.0,0.0,0.0,1.0,0,3,0,0,1
0.4894379098126231,-1.136532622531394,0.0,1.0,0.0,0.0,0.0,0.0,0.0,1.0,0.0,0,2,0,0,1
-0.09156500424402261,-1.8885844471095259,0.0,1.0,0.0,0.0,0.0,0.0,0.0,0.0,1.0,0,3,1,1,1
0.36526093570402607,2.172495405612386,0.0,0.0,1.0,0.0,0.0,0.0,1.0,0.0,0.0,0,1,0,1,1
-0.7841792430073967,-0.685301527784515,0.0,0.0,1.0,0.0,0.0,1.0,0.0,0.0,0.0,1,3,0,0,0
0.5286989276421437,0.7435969389139355,1.0,0.0,0.0,0.0,0.0,1.0,0.0,0.0,0.0,1,3,0,0,0
-0.806763380796033,-1.136532622531394,0.0,0.0,1.0,0.0,0.0,0.0,0.0,0.0,1.0,0,3,0,0,0
-0.13322852057373055,1.9468798582389464,0.0,0.0,1.0,0.0,0.0,0.0,0.0,1.0,0.0,0,2,0,0,1
0.457519539438721,-2.038994812025152,1.0,0.0,0.0,0.0,0.0,1.0,0.0,0.0,0.0,1,3,1,0,0
-0.3336984726090336,0.06675029679361683,0.0,0.0,1.0,0.0,1.0,0.0,0.0,0.0,0.0,1,2,0,0,1
-0.01838583697289204,0.14195547925143,0.0,1.0,0.0,0.0,0.0,0.0,0.0,0.0,1.0,0,3,0,0,0
-0.8828741679067217,-0.5724937540977952,0.0,0.0,1.0,0.0,0.0,0.0,0.0,0.0,1.0,0,3,0,0,1
0.3444394801955362,0.4427762090826827,0.0,0.0,1.0,0.0,1.0,0.0,0.0,0.0,0.0,1,2,0,0,0
-0.3336984726090336,0.36757102662486957,0.0,0.0,1.0,0.0,1.0,0.0,0.0,0.0,0.0,1,2,0,1,1
-0.7865550587251358,-1.061327440073581,0.0,0.0,1.0,0.0,0.0,0.0,0.0,0.0,1.0,0,3,0,0,1
0.6557188297748954,-0.08366006812200955,0.0,0.0,1.0,1.0,0.0,0.0,0.0,0.0,0.0,1,1,0,1,1
0.1364991380659541,-1.5877637172782733,1.0,0.0,0.0,0.0,0.0,0.0,0.0,0.0,1.0,0,3,1,0,0
0.5322916934007406,0.6683917564561223,1.0,0.0,0.0,0.0,0.0,0.0,0.0,0.0,1.0,0,3,0,0,1
-0.8828741679067217,-0.3092756154954491,0.0,0.0,1.0,0.0,0.0,1.0,0.0,0.0,0.0,1,3,0,0,0
2.6987007794454887,-0.7605067102423282,1.0,0.0,0.0,1.0,0.0,0.0,0.0,0.0,0.0,1,1,0,1,0
-0.8038521494426432,-0.5724937540977952,0.0,0.0,1.0,0.0,0.0,0.0,0.0,0.0,1.0,0,3,0,0,1
-0.8019236166026618,-0.3092756154954491,0.0,0.0,1.0,0.0,0.0,1.0,0.0,0.0,0.0,1,3,0,0,0
0.4082334475616762,0.8188021213717487,0.0,0.0,1.0,1.0,0.0,0.0,0.0,0.0,0.0,1,1,0,0,0
2.097794920021772,0.4427762090826827,0.0,1.0,0.0,0.0,0.0,0.0,1.0,0.0,0.0,0,1,0,1,1
-0.8189865811572414,-0.5724937540977952,0.0,0.0,1.0,0.0,0.0,0.0,0.0,0.0,1.0,0,3,0,0,1
-0.5368057694182641,2.7741368652748912,0.0,0.0,1.0,0.0,1.0,0.0,0.0,0.0,0.0,1,2,0,0,0
1.5060857797883969,-0.08366006812200955,0.0,1.0,0.0,1.0,0.0,0.0,0.0,0.0,0.0,1,1,0,0,0
1.0408277503255374,0.969212486287375,0.0,1.0,0.0,1.0,0.0,0.0,0.0,0.0,0.0,1,1,0,0,0
-0.8823470582632056,-0.3092756154954491,0.0,0.0,1.0,0.0,0.0,1.0,0.0,0.0,0.0,1,3,0,0,1
-0.7841792430073967,-0.6100963453267019,0.0,0.0,1.0,0.0,0.0,1.0,0.0,0.0,0.0,1,3,0,0,0
-0.01838583697289204,-0.8357118927001413,0.0,1.0,0.0,0.0,0.0,0.0,0.0,0.0,1.0,0,3,0,0,0
-0.47227211715402734,-1.136532622531394,0.0,1.0,0.0,0.0,0.0,0.0,0.0,0.0,1.0,0,3,0,0,1
-0.6331972544104215,0.8188021213717487,0.0,1.0,0.0,0.0,0.0,0.0,0.0,0.0,1.0,0,3,0,0,0
0.1329851701219792,-0.15886525057982273,0.0,1.0,0.0,0.0,0.0,0.0,0.0,1.0,0.0,0,2,0,0,0
-0.8019236166026618,-0.3092756154954491,0.0,0.0,1.0,0.0,0.0,1.0,0.0,0.0,0.0,1,3,0,0,0
0.8147822510349934,-1.9637896295673392,0.0,1.0,0.0,0.0,0.0,0.0,0.0,1.0,0.0,0,2,1,0,1
-0.8038521494426432,-0.7605067102423282,0.0,0.0,1.0,0.0,0.0,0.0,0.0,0.0,1.0,0,3,0,0,1
-0.7841792430073967,-0.3092756154954491,0.0,0.0,1.0,0.0,0.0,1.0,0.0,0.0,0.0,1,3,0,0,0
-0.16405229962564447,-0.3092756154954491,0.0,1.0,0.0,0.0,0.0,1.0,0.0,0.0,0.0,1,3,0,0,0
-0.8189865811572414,-0.5724937540977952,0.0,0.0,1.0,0.0,0.0,0.0,0.0,0.0,1.0,0,3,0,0,1
0.16437971416667366,-0.3092756154954491,0.0,1.0,0.0,0.0,0.0,1.0,0.0,0.0,0.0,1,3,0,0,0
-0.029312075627065143,-0.8357118927001413,0.0,1.0,0.0,0.0,0.0,0.0,0.0,0.0,1.0,0,3,0,0,0
0.7678594338107121,-1.6629688997360863,1.0,0.0,0.0,0.0,0.0,1.0,0.0,0.0,0.0,1,3,1,0,0
-0.8131032608653792,-0.6100963453267019,0.0,0.0,1.0,0.0,0.0,1.0,0.0,0.0,0.0,1,3,0,0,0
1.4362199751817062,1.4956487634920672,0.0,1.0,0.0,0.0,0.0,0.0,1.0,0.0,0.0,0,1,0,1,1
0.3444394801955362,-0.008454885664196365,0.0,1.0,0.0,0.0,0.0,0.0,0.0,1.0,0.0,0,2,0,0,1
1.2189504454470093,2.6989316828170784,0.0,1.0,0.0,1.0,0.0,0.0,0.0,0.0,0.0,1,1,0,1,0
0.6557188297748954,0.8188021213717487,0.0,0.0,1.0,1.0,0.0,0.0,0.0,0.0,0.0,1,1,0,1,1
-0.5368057694182641,-0.6100963453267019,0.0,0.0,1.0,0.0,0.0,0.0,0.0,1.0,0.0,0,2,0,0,1
-0.8823470582632056,-0.04605747689310296,0.0,0.0,1.0,0.0,0.0,1.0,0.0,0.0,0.0,1,3,0,0,0
0.40928266156909443,-1.8133792646517128,0.0,1.0,0.0,0.0,0.0,0.0,0.0,1.0,0.0,0,2,1,0,1
0.936361092700485,-1.3621481699048337,1.0,0.0,0.0,0.0,0.0,1.0,0.0,0.0,0.0,1,3,1,0,0
-0.8823470582632056,-0.5348911628688886,0.0,0.0,1.0,0.0,0.0,1.0,0.0,0.0,0.0,1,3,0,0,0
1.4787785499834798,0.6683917564561223,0.0,0.0,1.0,0.0,0.0,0.0,1.0,0.0,0.0,0,1,0,1,1
1.5221510751129648,1.1948280336608146,0.0,1.0,0.0,1.0,0.0,0.0,0.0,0.0,0.0,1,1,0,1,0
0.4146557174979072,-1.8885844471095259,1.0,0.0,0.0,0.0,0.0,1.0,0.0,0.0,0.0,1,3,1,0,0
0.4082334475616762,0.8188021213717487,0.0,0.0,1.0,1.0,0.0,0.0,0.0,0.0,0.0,1,1,0,0,0
-0.1800831698720664,-0.3092756154954491,0.0,1.0,0.0,0.0,0.0,1.0,0.0,0.0,0.0,1,3,0,0,1
-0.5368057694182641,-0.008454885664196365,0.0,0.0,1.0,0.0,0.0,0.0,0.0,1.0,0.0,0,2,0,1,1
-0.7718965778779472,-0.7605067102423282,0.0,0.0,1.0,0.0,0.0,1.0,0.0,0.0,0.0,1,3,0,0,0
-0.798539974052802,-0.9109170751579546,1.0,0.0,0.0,0.0,0.0,0.0,0.0,0.0,1.0,0,3,0,0,1
-0.7165619336211217,-0.23407043303763592,0.0,1.0,0.0,0.0,0.0,1.0,0.0,0.0,0.0,1,3,0,0,0
-0.5368057694182641,0.2171606617092432,0.0,0.0,1.0,0.0,1.0,0.0,0.0,0.0,0.0,1,2,0,0,0
0.936361092700485,-0.9861222576157678,1.0,0.0,0.0,0.0,0.0,0.0,0.0,0.0,1.0,0,3,0,0,0
1.3924082286355355,-0.6100963453267019,0.0,0.0,1.0,0.0,1.0,0.0,0.0,0.0,0.0,1,2,0,0,0
-0.23166125968823223,-0.23407043303763592,0.0,1.0,0.0,0.0,0.0,1.0,0.0,0.0,0.0,1,3,0,0,0
1.1248955097361604,0.2171606617092432,0.0,0.0,1.0,0.0,0.0,1.0,0.0,0.0,0.0,1,3,0,0,1
-0.830854756854953,-0.3092756154954491,0.0,0.0,1.0,0.0,0.0,1.0,0.0,0.0,0.0,1,3,0,1,0
-0.8019236166026618,-0.3092756154954491,0.0,0.0,1.0,0.0,0.0,1.0,0.0,0.0,0.0,1,3,0,0,0
-0.7841792430073967,-0.3092756154954491,0.0,0.0,1.0,0.0,0.0,1.0,0.0,0.0,0.0,1,3,0,0,0
0.4532263111425748,-2.126984875500794,0.0,1.0,0.0,0.0,1.0,0.0,0.0,0.0,0.0,1,2,1,0,1
-0.37316263612134226,0.06675029679361683,0.0,0.0,1.0,0.0,0.0,0.0,0.0,0.0,1.0,0,3,0,0,1
-0.6811127586453682,-0.5348911628688886,0.0,0.0,1.0,0.0,0.0,1.0,0.0,0.0,0.0,1,3,0,0,0
-0.6307359423566569,-0.008454885664196365,0.0,0.0,1.0,0.0,0.0,1.0,0.0,0.0,0.0,1,3,0,0,1
-0.8145709511162281,-0.5724937540977952,0.0,0.0,1.0,0.0,0.0,0.0,0.0,0.0,1.0,0,3,0,0,1
0.940663265248102,-0.08366006812200955,0.0,0.0,1.0,1.0,0.0,0.0,0.0,0.0,0.0,1,1,0,0,0
-0.5368057694182641,-0.9109170751579546,0.0,0.0,1.0,0.0,0.0,0.0,0.0,1.0,0.0,0,2,0,0,1
-0.1423794216910609,0.29236584416705635,0.0,1.0,0.0,0.0,0.0,0.0,0.0,0.0,1.0,0,3,0,0,1
0.6233938271906204,-0.9861222576157678,1.0,0.0,0.0,0.0,0.0,1.0,0.0,0.0,0.0,1,3,0,0,0
-0.7841792430073967,-0.3092756154954491,0.0,0.0,1.0,0.0,0.0,1.0,0.0,0.0,0.0,1,3,0,0,0
2.6987007794454887,-0.45968598041107545,1.0,0.0,0.0,0.0,0.0,0.0,1.0,0.0,0.0,0,1,0,1,1
-0.7841792430073967,-0.3844807979532623,0.0,0.0,1.0,0.0,0.0,1.0,0.0,0.0,0.0,1,3,0,0,0
-0.7841792430073967,-0.008454885664196365,0.0,0.0,1.0,0.0,0.0,1.0,0.0,0.0,0.0,1,3,0,0,0
-0.806763380796033,-0.685301527784515,0.0,0.0,1.0,0.0,0.0,1.0,0.0,0.0,0.0,1,3,0,0,0
1.2056809915054134,1.2700332161186279,0.0,1.0,0.0,1.0,0.0,0.0,0.0,0.0,0.0,1,1,0,1,0
0.11284358066326507,-0.23407043303763592,0.0,1.0,0.0,0.0,0.0,1.0,0.0,0.0,0.0,1,3,0,0,0
-0.8797405693934278,2.2477005880701992,0.0,0.0,1.0,0.0,0.0,1.0,0.0,0.0,0.0,1,3,0,0,0
-0.7841792430073967,-0.3092756154954491,0.0,0.0,1.0,0.0,0.0,1.0,0.0,0.0,0.0,1,3,0,0,0
0.6315110816648204,3.1501627775639576,0.0,0.0,1.0,1.0,0.0,0.0,0.0,0.0,0.0,1,1,0,1,0
1.241316266924983,-0.45968598041107545,0.0,1.0,0.0,1.0,0.0,0.0,0.0,0.0,0.0,1,1,0,1,1
0.2228261499229997,0.36757102662486957,0.0,1.0,0.0,0.0,0.0,0.0,0.0,1.0,0.0,0,2,0,0,1
0.3444394801955362,0.36757102662486957,0.0,1.0,0.0,0.0,1.0,0.0,0.0,0.0,0.0,1,2,0,0,0
-0.8019236166026618,-0.08366006812200955,0.0,0.0,1.0,0.0,0.0,0.0,0.0,0.0,1.0,0,3,0,0,0
-0.8019236166026618,-0.3092756154954491,0.0,0.0,1.0,0.0,0.0,1.0,0.0,0.0,0.0,1,3,0,0,0
1.443609675522841,-0.6100963453267019,0.0,1.0,0.0,1.0,0.0,0.0,0.0,0.0,0.0,1,1,0,1,0
-0.7174492400289059,0.29236584416705635,0.0,0.0,1.0,0.0,0.0,1.0,0.0,0.0,0.0,1,3,0,0,0
-0.798539974052802,0.5931865739983091,0.0,1.0,0.0,0.0,0.0,1.0,0.0,0.0,0.0,1,3,0,0,0
-0.8019236166026618,-0.08366006812200955,0.0,0.0,1.0,0.0,0.0,1.0,0.0,0.0,0.0,1,3,0,0,0
-0.830854756854953,-0.6100963453267019,0.0,0.0,1.0,0.0,0.0,0.0,0.0,0.0,1.0,0,3,0,0,1
-0.8160407306065733,-0.3092756154954491,0.0,0.0,1.0,0.0,0.0,1.0,0.0,0.0,0.0,1,3,0,0,1
-0.8019236166026618,0.6683917564561223,0.0,0.0,1.0,0.0,0.0,1.0,0.0,0.0,0.0,1,3,0,0,0
0.2711522804976662,-0.5724937540977952,0.0,1.0,0.0,0.0,0.0,0.0,0.0,0.0,1.0,0,3,0,0,1
1.0408277503255374,1.345238398576441,0.0,0.0,1.0,1.0,0.0,0.0,0.0,0.0,0.0,1,1,0,1,0
-0.23166125968823223,-1.0989300313024875,0.0,1.0,0.0,0.0,0.0,0.0,0.0,0.0,1.0,0,3,0,0,0
-0.7841792430073967,-0.5348911628688886,0.0,0.0,1.0,0.0,0.0,1.0,0.0,0.0,0.0,1,3,0,0,0
-0.5992616204389827,-0.685301527784515,0.0,1.0,0.0,0.0,0.0,0.0,0.0,0.0,1.0,0,3,0,0,0
-0.23138736843472296,-0.9109170751579546,0.0,0.0,1.0,0.0,0.0,0.0,0.0,0.0,1.0,0,3,0,0,0
-0.798539974052802,-0.6100963453267019,0.0,0.0,1.0,0.0,0.0,1.0,0.0,0.0,0.0,1,3,0,0,0
-0.8189865811572414,3.1125601863350507,0.0,0.0,1.0,0.0,0.0,1.0,0.0,0.0,0.0,1,3,0,0,0
0.1329851701219792,-0.008454885664196365,0.0,1.0,0.0,0.0,1.0,0.0,0.0,0.0,0.0,1,2,0,0,0
2.6363132839087284,-0.3844807979532623,0.0,1.0,0.0,1.0,0.0,0.0,0.0,0.0,0.0,1,1,0,1,0
0.5286989276421437,-2.038994812025152,1.0,0.0,0.0,0.0,0.0,0.0,0.0,0.0,1.0,0,3,1,0,0
1.3924082286355355,-0.6100963453267019,0.0,1.0,0.0,0.0,1.0,0.0,0.0,0.0,0.0,1,2,0,0,0
-0.7841792430073967,-0.3092756154954491,0.0,0.0,1.0,0.0,0.0,1.0,0.0,0.0,0.0,1,3,0,0,0
0.4894379098126231,0.2547632529381498,0.0,1.0,0.0,0.0,1.0,0.0,0.0,0.0,0.0,1,2,0,0,0
-0.3336984726090336,0.2547632529381498,0.0,0.0,1.0,0.0,0.0,0.0,0.0,1.0,0.0,0,2,0,1,1
1.443609675522841,1.8716746757811333,0.0,1.0,0.0,1.0,0.0,0.0,0.0,0.0,0.0,1,1,0,1,0
-0.47227211715402734,-1.2869429874470204,0.0,1.0,0.0,0.0,0.0,1.0,0.0,0.0,0.0,1,3,1,0,1
-0.8189865811572414,-0.3092756154954491,0.0,0.0,1.0,0.0,0.0,1.0,0.0,0.0,0.0,1,3,0,0,0
-0.8933844909173265,-0.3844807979532623,0.0,0.0,1.0,0.0,0.0,1.0,0.0,0.0,0.0,1,3,0,0,1
0.19484336402527688,-0.5724937540977952,0.0,1.0,0.0,0.0,0.0,0.0,0.0,0.0,1.0,0,3,0,1,1
-0.9147445967366699,1.1948280336608146,0.0,0.0,1.0,0.0,0.0,1.0,0.0,0.0,0.0,1,3,0,0,0
-0.8019236166026618,0.29236584416705635,0.0,0.0,1.0,0.0,0.0,1.0,0.0,0.0,0.0,1,3,0,0,0
-0.9050797531497118,-0.685301527784515,0.0,0.0,1.0,0.0,0.0,1.0,0.0,0.0,0.0,1,3,0,0,0
-0.2286058134653583,1.345238398576441,0.0,1.0,0.0,0.0,0.0,0.0,0.0,0.0,1.0,0,3,0,0,0
0.3444394801955362,-0.008454885664196365,0.0,1.0,0.0,0.0,0.0,0.0,0.0,1.0,0.0,0,2,0,0,1
-0.3336984726090336,-0.3092756154954491,0.0,0.0,1.0,0.0,1.0,0.0,0.0,0.0,0.0,1,2,0,0,0
-0.19287328396337328,-0.45968598041107545,0.0,0.0,1.0,0.0,1.0,0.0,0.0,0.0,0.0,1,2,0,0,0
0.3552168481314282,-0.7605067102423282,0.0,1.0,0.0,0.0,0.0,0.0,1.0,0.0,0.0,0,1,0,1,1
1.0620380556287106,0.5931865739983091,0.0,1.0,0.0,1.0,0.0,0.0,0.0,0.0,0.0,1,1,0,1,0
-0.6589770356240848,-0.9861222576157678,0.0,0.0,1.0,0.0,0.0,1.0,0.0,0.0,0.0,1,3,0,0,0
1.4685301291949246,-0.3844807979532623,0.0,0.0,1.0,1.0,0.0,0.0,0.0,0.0,0.0,1,1,0,1,0
-0.1800831698720664,-0.5724937540977952,0.0,1.0,0.0,0.0,0.0,0.0,0.0,0.0,1.0,0,3,0,0,0
-0.8189865811572414,-0.5348911628688886,0.0,0.0,1.0,0.0,0.0,0.0,0.0,0.0,1.0,0,3,0,0,1
-0.1423794216910609,-0.3844807979532623,0.0,1.0,0.0,0.0,0.0,0.0,0.0,0.0,1.0,0,3,0,0,1
-0.9442940832331417,-0.7605067102423282,0.0,0.0,1.0,0.0,0.0,1.0,0.0,0.0,0.0,1,3,0,0,0
-0.4507125974257932,-0.8357118927001413,0.0,0.0,1.0,0.0,1.0,0.0,0.0,0.0,0.0,1,2,0,0,0
0.6904870950626278,-0.7605067102423282,0.0,1.0,0.0,0.0,1.0,0.0,0.0,0.0,0.0,1,2,0,0,0
-0.8135961720983267,-0.15886525057982273,0.0,0.0,1.0,0.0,0.0,1.0,0.0,0.0,0.0,1,3,0,0,1
0.6233938271906204,-1.51255853482046,1.0,0.0,0.0,0.0,0.0,0.0,0.0,0.0,1.0,0,3,1,0,0
0.3444394801955362,0.5555839827694025,0.0,1.0,0.0,0.0,1.0,0.0,0.0,0.0,0.0,1,2,0,1,0
-0.3336984726090336,0.969212486287375,0.0,0.0,1.0,0.0,1.0,0.0,0.0,0.0,0.0,1,2,0,0,0
-0.3693384839068557,1.6460591284076938,0.0,0.0,1.0,0.0,1.0,0.0,0.0,0.0,0.0,1,2,0,0,0
1.2920564383571118,-0.5348911628688886,0.0,1.0,0.0,0.0,0.0,0.0,1.0,0.0,0.0,0,1,0,1,1
-0.7841792430073967,1.984482449467853,0.0,0.0,1.0,0.0,0.0,1.0,0.0,0.0,0.0,1,3,0,0,0
-0.2286058134653583,0.8564047126006552,0.0,1.0,0.0,0.0,0.0,1.0,0.0,0.0,0.0,1,3,0,0,0
-0.8719479292525482,-0.3092756154954491,0.0,0.0,1.0,0.0,0.0,1.0,0.0,0.0,0.0,1,3,0,0,0
1.2090665177433995,1.6460591284076938,0.0,1.0,0.0,1.0,0.0,0.0,0.0,0.0,0.0,1,1,0,0,0
-0.8209591021193487,-0.9861222576157678,0.0,0.0,1.0,0.0,0.0,0.0,0.0,0.0,1.0,0,3,0,0,1
-0.7841792430073967,0.06675029679361683,0.0,0.0,1.0,0.0,0.0,1.0,0.0,0.0,0.0,1,3,0,0,0
-0.7165619336211217,-0.3092756154954491,0.0,0.0,1.0,0.0,0.0,1.0,0.0,0.0,0.0,1,3,0,0,0
1.3361591794576348,-0.3092756154954491,1.0,0.0,0.0,0.0,0.0,1.0,0.0,0.0,0.0,1,3,0,0,0
-0.12717266791993012,1.1196228512030013,0.0,1.0,0.0,0.0,0.0,1.0,0.0,0.0,0.0,1,3,0,0,0
-0.1485253917280838,0.8188021213717487,0.0,0.0,1.0,0.0,0.0,0.0,0.0,1.0,0.0,0,2,0,0,1
-0.8160407306065733,-0.23407043303763592,0.0,0.0,1.0,0.0,0.0,1.0,0.0,0.0,0.0,1,3,0,0,0
-0.7165619336211217,-0.9109170751579546,0.0,0.0,1.0,0.0,0.0,1.0,0.0,0.0,0.0,1,3,0,0,0
0.7678594338107121,-2.1141999944829655,1.0,0.0,0.0,0.0,0.0,1.0,0.0,0.0,0.0,1,3,1,0,0
0.11044794172866994,-1.51255853482046,0.0,1.0,0.0,0.0,0.0,1.0,0.0,0.0,0.0,1,3,1,0,1
1.0976780669265336,0.4427762090826827,0.0,1.0,0.0,0.0,0.0,0.0,1.0,0.0,0.0,0,1,0,1,1
0.4146557174979072,1.1948280336608146,1.0,0.0,0.0,0.0,0.0,0.0,0.0,0.0,1.0,0,3,0,0,0
0.34156737843370105,0.8188021213717487,0.0,0.0,1.0,1.0,0.0,0.0,0.0,0.0,0.0,1,1,0,0,0
1.1248955097361604,-0.08366006812200955,0.0,0.0,1.0,0.0,0.0,1.0,0.0,0.0,0.0,1,3,0,0,0
0.5975333003696796,2.3981109529858253,0.0,0.0,1.0,1.0,0.0,0.0,0.0,0.0,0.0,1,1,0,1,0
0.457519539438721,-1.8885844471095259,1.0,0.0,0.0,0.0,0.0,1.0,0.0,0.0,0.0,1,3,1,0,0
-0.48145578049281335,-2.1141999944829655,0.0,1.0,0.0,0.0,0.0,0.0,0.0,0.0,1.0,0,3,1,0,1
-0.798539974052802,-0.6100963453267019,0.0,0.0,1.0,0.0,0.0,1.0,0.0,0.0,0.0,1,3,0,0,0
0.5100012756239033,2.0220850406967594,0.0,0.0,1.0,1.0,0.0,0.0,0.0,0.0,0.0,1,1,0,1,0
-0.806763380796033,-0.8357118927001413,0.0,1.0,0.0,0.0,0.0,1.0,0.0,0.0,0.0,1,3,0,0,0
0.32384119624754826,-0.3092756154954491,1.0,0.0,0.0,0.0,0.0,1.0,0.0,0.0,0.0,1,3,0,0,0
0.4432836100273541,1.5708539459498805,0.0,0.0,1.0,0.0,0.0,0.0,1.0,0.0,0.0,0,1,0,1,0
-0.3336984726090336,0.06675029679361683,0.0,0.0,1.0,0.0,1.0,0.0,0.0,0.0,0.0,1,2,0,0,0
-3.0585777291682934,0.5179813915404959,0.0,0.0,1.0,0.0,0.0,1.0,0.0,0.0,0.0,1,3,0,0,0
1.3361591794576348,-0.5724937540977952,1.0,0.0,0.0,0.0,0.0,0.0,0.0,0.0,1.0,0,3,0,0,0
-0.19260305647698941,0.06675029679361683,0.0,0.0,1.0,0.0,1.0,0.0,0.0,0.0,0.0,1,2,0,0,0
0.5322916934007406,-1.51255853482046,1.0,0.0,0.0,0.0,0.0,1.0,0.0,0.0,0.0,1,3,1,0,0
0.750263780890198,-2.1141999944829655,0.0,1.0,0.0,0.0,1.0,0.0,0.0,0.0,0.0,1,2,1,1,1
0.1800041951014629,-1.8885844471095259,0.0,1.0,0.0,0.0,0.0,0.0,0.0,0.0,1.0,0,3,1,0,1
1.0011105492142125,0.8188021213717487,0.0,0.0,1.0,1.0,0.0,0.0,0.0,0.0,0.0,1,1,0,1,0
-0.16405229962564447,-0.5724937540977952,0.0,1.0,0.0,0.0,0.0,0.0,0.0,0.0,1.0,0,3,0,0,1
0.36526093570402607,1.1948280336608146,0.0,0.0,1.0,1.0,0.0,0.0,0.0,0.0,0.0,1,1,0,0,1
-0.16405229962564447,0.8188021213717487,0.0,1.0,0.0,0.0,0.0,1.0,0.0,0.0,0.0,1,3,0,0,0
-0.8019236166026618,0.5179813915404959,0.0,0.0,1.0,0.0,0.0,1.0,0.0,0.0,0.0,1,3,0,0,0
-0.3336984726090336,0.2171606617092432,0.0,0.0,1.0,0.0,0.0,0.0,0.0,1.0,0.0,0,2,0,0,1
-0.3336984726090336,-0.7605067102423282,0.0,0.0,1.0,0.0,1.0,0.0,0.0,0.0,0.0,1,2,0,0,0
-0.806763380796033,-0.7605067102423282,0.0,1.0,0.0,0.0,0.0,0.0,0.0,0.0,1.0,0,3,0,0,1
0.3444394801955362,-1.9637896295673392,0.0,1.0,0.0,0.0,1.0,0.0,0.0,0.0,0.0,1,2,1,1,1
0.4082334475616762,1.1196228512030013,0.0,0.0,1.0,0.0,0.0,0.0,1.0,0.0,0.0,0,1,0,1,1
2.097794920021772,2.172495405612386,0.0,0.0,1.0,0.0,0.0,0.0,1.0,0.0,0.0,0,1,0,1,1
-0.8189865811572414,-0.3092756154954491,0.0,0.0,1.0,0.0,0.0,1.0,0.0,0.0,0.0,1,3,0,0,0
-0.7445391097425897,0.969212486287375,0.0,1.0,0.0,0.0,0.0,1.0,0.0,0.0,0.0,1,3,0,0,0
-0.8189865811572414,-0.5724937540977952,0.0,0.0,1.0,0.0,0.0,0.0,0.0,0.0,1.0,0,3,0,0,1
-0.3336984726090336,-0.3844807979532623,0.0,0.0,1.0,0.0,0.0,0.0,0.0,1.0,0.0,0,2,0,0,0
-0.6307359423566569,-0.08366006812200955,0.0,0.0,1.0,0.0,0.0,1.0,0.0,0.0,0.0,1,3,0,0,0
1.3361591794576348,-0.3092756154954491,1.0,0.0,0.0,0.0,0.0,1.0,0.0,0.0,0.0,1,3,0,0,0
-0.9787286015064478,0.36757102662486957,0.0,0.0,1.0,0.0,0.0,1.0,0.0,0.0,0.0,1,3,0,0,0
-0.8828741679067217,1.2324306248897212,0.0,0.0,1.0,0.0,0.0,1.0,0.0,0.0,0.0,1,3,0,0,0
-0.7841792430073967,-0.8357118927001413,0.0,0.0,1.0,0.0,0.0,1.0,0.0,0.0,0.0,1,3,0,0,1
-0.5401781836878246,-2.038994812025152,0.0,1.0,0.0,0.0,0.0,0.0,0.0,0.0,1.0,0,3,1,1,0
-0.1423794216910609,0.2171606617092432,0.0,1.0,0.0,0.0,0.0,1.0,0.0,0.0,0.0,1,3,0,0,0
0.023546289947323752,-0.23407043303763592,0.0,0.0,1.0,0.0,0.0,1.0,0.0,0.0,0.0,1,3,0,0,1
-0.8189865811572414,-0.9861222576157678,0.0,0.0,1.0,0.0,0.0,0.0,0.0,0.0,1.0,0,3,0,0,1
0.5198636196706229,0.8188021213717487,0.0,0.0,1.0,1.0,0.0,0.0,0.0,0.0,0.0,1,1,0,1,1
-0.9050797531497118,-0.3844807979532623,0.0,0.0,1.0,0.0,0.0,1.0,0.0,0.0,0.0,1,3,0,0,0
0.1329851701219792,0.4427762090826827,0.0,0.0,1.0,0.0,0.0,0.0,0.0,1.0,0.0,0,2,0,0,1
-0.8797405693934278,-0.5348911628688886,0.0,0.0,1.0,0.0,0.0,1.0,0.0,0.0,0.0,1,3,0,0,0
-0.3336984726090336,0.06675029679361683,0.0,0.0,1.0,0.0,1.0,0.0,0.0,0.0,0.0,1,2,0,0,0
-0.8189865811572414,-0.3092756154954491,0.0,1.0,0.0,0.0,0.0,1.0,0.0,0.0,0.0,1,3,0,0,0
1.834129231109428,0.14195547925143,0.0,1.0,0.0,0.0,0.0,0.0,1.0,0.0,0.0,0,1,0,1,1
-0.798539974052802,-0.15886525057982273,0.0,0.0,1.0,0.0,0.0,0.0,0.0,0.0,1.0,0,3,0,0,1
0.3819897971587497,0.969212486287375,0.0,1.0,0.0,0.0,1.0,0.0,0.0,0.0,0.0,1,2,0,0,0
1.4303920040723752,0.2171606617092432,0.0,0.0,1.0,0.0,0.0,0.0,1.0,0.0,0.0,0,1,0,1,1
-0.5368057694182641,0.06675029679361683,0.0,0.0,1.0,0.0,1.0,0.0,0.0,0.0,0.0,1,2,0,0,0
-0.7841792430073967,-0.9861222576157678,0.0,0.0,1.0,0.0,0.0,1.0,0.0,0.0,0.0,1,3,0,0,1
-0.3336984726090336,-0.15886525057982273,0.0,0.0,1.0,0.0,1.0,0.0,0.0,0.0,0.0,1,2,0,0,0
-0.7841792430073967,1.6460591284076938,0.0,0.0,1.0,0.0,0.0,1.0,0.0,0.0,0.0,1,3,0,0,0
-0.8019236166026618,-0.3092756154954491,0.0,0.0,1.0,0.0,0.0,1.0,0.0,0.0,0.0,1,3,0,0,0
1.5989745568795648,0.6683917564561223,0.0,1.0,0.0,1.0,0.0,0.0,0.0,0.0,0.0,1,1,0,1,1
-0.6455926003653025,-0.5348911628688886,0.0,0.0,1.0,0.0,0.0,1.0,0.0,0.0,0.0,1,3,0,0,0
-0.5368057694182641,-0.7605067102423282,0.0,0.0,1.0,0.0,1.0,0.0,0.0,0.0,0.0,1,2,0,0,1
-0.8797405693934278,-0.6476989365556084,0.0,0.0,1.0,0.0,0.0,1.0,0.0,0.0,0.0,1,3,0,0,0
-0.3336984726090336,-0.8357118927001413,0.0,0.0,1.0,0.0,1.0,0.0,0.0,0.0,0.0,1,2,0,0,0
0.32384119624754826,-0.5724937540977952,1.0,0.0,0.0,0.0,0.0,0.0,0.0,0.0,1.0,0,3,0,0,0
1.5221510751129648,0.4427762090826827,0.0,1.0,0.0,0.0,0.0,0.0,1.0,0.0,0.0,0,1,0,1,1
-0.8160407306065733,-0.008454885664196365,0.0,0.0,1.0,0.0,0.0,1.0,0.0,0.0,0.0,1,3,0,0,0
-0.29746598596845064,2.2477005880701992,0.0,0.0,1.0,0.0,1.0,0.0,0.0,0.0,0.0,1,2,0,0,0
0.5322916934007406,-1.8133792646517128,1.0,0.0,0.0,0.0,0.0,0.0,0.0,0.0,1.0,0,3,1,0,1
-0.5368057694182641,-0.3844807979532623,0.0,0.0,1.0,0.0,1.0,0.0,0.0,0.0,0.0,1,2,0,0,0
-0.8428609376877135,-0.5724937540977952,0.0,0.0,1.0,0.0,0.0,0.0,0.0,0.0,1.0,0,3,0,0,0
0.3444394801955362,1.1196228512030013,0.0,1.0,0.0,0.0,1.0,0.0,0.0,0.0,0.0,1,2,0,0,0
0.35395586016517094,-1.5877637172782733,0.0,1.0,0.0,0.0,0.0,0.0,0.0,1.0,0.0,0,2,1,0,1
-0.5368057694182641,-0.7605067102423282,0.0,0.0,1.0,0.0,1.0,0.0,0.0,0.0,0.0,1,2,0,0,0
-0.3886024739916458,0.29236584416705635,0.0,0.0,1.0,0.0,1.0,0.0,0.0,0.0,0.0,1,2,0,0,0
-0.23166125968823223,-0.5724937540977952,0.0,1.0,0.0,0.0,0.0,0.0,0.0,0.0,1.0,0,3,0,0,0
-0.16405229962564447,-0.5724937540977952,0.0,1.0,0.0,0.0,0.0,0.0,0.0,0.0,1.0,0,3,0,0,1
-0.5368057694182641,-0.008454885664196365,0.0,0.0,1.0,0.0,1.0,0.0,0.0,0.0,0.0,1,2,0,0,0
-0.8955045384601199,-0.5348911628688886,0.0,0.0,1.0,0.0,0.0,1.0,0.0,0.0,0.0,1,3,0,0,0
-0.8828741679067217,0.06675029679361683,0.0,0.0,1.0,0.0,0.0,1.0,0.0,0.0,0.0,1,3,0,0,0
1.5989745568795648,1.1196228512030013,0.0,1.0,0.0,1.0,0.0,0.0,0.0,0.0,0.0,1,1,0,1,0
-0.8160407306065733,-0.3092756154954491,0.0,0.0,1.0,0.0,0.0,0.0,0.0,0.0,1.0,0,3,0,0,0
-0.2286058134653583,-0.3844807979532623,0.0,1.0,0.0,0.0,0.0,0.0,0.0,1.0,0.0,0,2,0,0,1
1.0515683442816504,0.5931865739983091,0.0,1.0,0.0,1.0,0.0,0.0,0.0,0.0,0.0,1,1,0,1,1
0.3444394801955362,1.8716746757811333,0.0,1.0,0.0,0.0,1.0,0.0,0.0,0.0,0.0,1,2,0,0,0
-0.8797405693934278,-0.3092756154954491,0.0,0.0,1.0,0.0,0.0,1.0,0.0,0.0,0.0,1,3,0,0,0
-0.5401781836878246,-0.008454885664196365,0.0,1.0,0.0,0.0,0.0,0.0,0.0,0.0,1.0,0,3,0,1,0
0.36526093570402607,2.4733161354436386,0.0,0.0,1.0,1.0,0.0,0.0,0.0,0.0,0.0,1,1,0,1,0
-0.12717266791993012,0.06675029679361683,0.0,1.0,0.0,0.0,0.0,1.0,0.0,0.0,0.0,1,3,0,0,0
0.09534793704965058,0.8940073038295618,0.0,1.0,0.0,0.0,0.0,0.0,0.0,0.0,1.0,0,3,0,0,0
-0.1800831698720664,-0.008454885664196365,0.0,1.0,0.0,0.0,0.0,0.0,0.0,0.0,1.0,0,3,0,0,1
1.4685301291949246,0.4427762090826827,0.0,0.0,1.0,0.0,0.0,0.0,1.0,0.0,0.0,0,1,0,0,1
1.5584783893656837,0.06675029679361683,0.0,0.0,1.0,0.0,0.0,0.0,1.0,0.0,0.0,0,1,0,1,1
3.3852937438182273,0.4427762090826827,0.0,0.0,1.0,0.0,0.0,0.0,1.0,0.0,0.0,0,1,0,0,1
0.3444394801955362,1.5708539459498805,0.0,1.0,0.0,0.0,0.0,0.0,0.0,1.0,0.0,0,2,0,0,1
-0.8189865811572414,-0.3092756154954491,0.0,0.0,1.0,0.0,0.0,1.0,0.0,0.0,0.0,1,3,0,0,0
0.5322916934007406,-1.9637896295673392,1.0,0.0,0.0,0.0,0.0,1.0,0.0,0.0,0.0,1,3,1,0,1
1.4743073772537167,1.7212643108655068,0.0,1.0,0.0,1.0,0.0,0.0,0.0,0.0,0.0,1,1,0,1,0
-3.0585777291682934,0.8188021213717487,0.0,0.0,1.0,1.0,0.0,0.0,0.0,0.0,0.0,1,1,0,1,0
-0.8189865811572414,-0.5724937540977952,0.0,0.0,1.0,0.0,0.0,0.0,0.0,0.0,1.0,0,3,0,0,0
-0.5368057694182641,0.5179813915404959,0.0,0.0,1.0,0.0,1.0,0.0,0.0,0.0,0.0,1,2,0,0,0
0.7678594338107121,-0.9861222576157678,1.0,0.0,0.0,0.0,0.0,1.0,0.0,0.0,0.0,1,3,0,0,0
-0.8160407306065733,-0.3092756154954491,0.0,1.0,0.0,0.0,0.0,1.0,0.0,0.0,0.0,1,3,0,0,1
2.14527242190355,2.172495405612386,0.0,1.0,0.0,0.0,0.0,0.0,1.0,0.0,0.0,0,1,0,1,1
2.0186331792044068,0.4427762090826827,0.0,0.0,1.0,0.0,0.0,0.0,1.0,0.0,0.0,0,1,0,1,1
0.5198636196706229,0.8188021213717487,0.0,0.0,1.0,1.0,0.0,0.0,0.0,0.0,0.0,1,1,0,0,0
-3.0585777291682934,-0.3092756154954491,0.0,0.0,1.0,0.0,0.0,1.0,0.0,0.0,0.0,1,3,0,0,1
0.06007112543995847,0.8940073038295618,0.0,1.0,0.0,0.0,0.0,0.0,0.0,1.0,0.0,0,2,0,0,1
0.4770416648490861,0.5931865739983091,0.0,1.0,0.0,1.0,0.0,0.0,0.0,0.0,0.0,1,1,0,1,0
-0.8189865811572414,-0.5724937540977952,0.0,0.0,1.0,0.0,0.0,0.0,0.0,0.0,1.0,0,3,0,0,1
1.452419049919151,2.548521317901452,0.0,1.0,0.0,0.0,0.0,0.0,1.0,0.0,0.0,0,1,0,1,1
-0.8189865811572414,1.1948280336608146,0.0,0.0,1.0,0.0,0.0,0.0,0.0,0.0,1.0,0,3,0,0,0
-3.0585777291682934,0.06675029679361683,0.0,0.0,1.0,0.0,1.0,0.0,0.0,0.0,0.0,1,2,0,0,0
0.457519539438721,-1.6629688997360863,1.0,0.0,0.0,0.0,0.0,1.0,0.0,0.0,0.0,1,3,1,0,0
0.0971716406458445,0.4427762090826827,0.0,1.0,0.0,0.0,0.0,0.0,0.0,0.0,1.0,0,3,0,0,1
-0.8189865811572414,2.6989316828170784,0.0,0.0,1.0,0.0,0.0,1.0,0.0,0.0,0.0,1,3,0,0,0
-0.806763380796033,-0.08366006812200955,0.0,0.0,1.0,0.0,0.0,1.0,0.0,0.0,0.0,1,3,0,0,0
-0.6307359423566569,-0.9861222576157678,0.0,0.0,1.0,0.0,0.0,1.0,0.0,0.0,0.0,1,3,0,0,0
-0.7841792430073967,-0.7605067102423282,0.0,0.0,1.0,0.0,0.0,1.0,0.0,0.0,0.0,1,3,0,0,1
0.3444394801955362,0.8188021213717487,0.0,0.0,1.0,1.0,0.0,0.0,0.0,0.0,0.0,1,1,0,1,0
-0.7165619336211217,0.29236584416705635,0.0,0.0,1.0,0.0,0.0,1.0,0.0,0.0,0.0,1,3,0,0,0
-0.6307359423566569,0.06675029679361683,0.0,0.0,1.0,0.0,0.0,1.0,0.0,0.0,0.0,1,3,0,0,1
-0.8019236166026618,-0.5348911628688886,0.0,0.0,1.0,0.0,0.0,1.0,0.0,0.0,0.0,1,3,0,0,0
-0.3336984726090336,0.969212486287375,0.0,0.0,1.0,0.0,1.0,0.0,0.0,0.0,0.0,1,2,0,0,1
-0.8189865811572414,-0.5348911628688886,0.0,0.0,1.0,0.0,0.0,0.0,0.0,0.0,1.0,0,3,0,0,1
1.464014258564117,-0.23407043303763592,0.0,0.0,1.0,0.0,0.0,0.0,1.0,0.0,0.0,0,1,0,0,1
1.6111475224786775,-0.7605067102423282,0.0,1.0,0.0,0.0,0.0,0.0,1.0,0.0,0.0,0,1,0,1,1
-0.3429588030007618,0.5179813915404959,0.0,0.0,1.0,0.0,1.0,0.0,0.0,0.0,0.0,1,2,0,1,0
-0.6967178907118832,-0.3844807979532623,0.0,0.0,1.0,0.0,0.0,0.0,0.0,0.0,1.0,0,3,0,0,0
-0.8019236166026618,-0.3844807979532623,0.0,0.0,1.0,0.0,0.0,1.0,0.0,0.0,0.0,1,3,0,0,0
0.4082334475616762,0.8188021213717487,0.0,0.0,1.0,1.0,0.0,0.0,0.0,0.0,0.0,1,1,0,0,0
-0.8823470582632056,-0.42208338918216887,0.0,0.0,1.0,0.0,0.0,1.0,0.0,0.0,0.0,1,3,0,0,0
2.132408321022389,-2.038994812025152,0.0,1.0,0.0,0.0,0.0,0.0,1.0,0.0,0.0,0,1,1,1,0
0.5036031274312862,0.8188021213717487,0.0,0.0,1.0,1.0,0.0,0.0,0.0,0.0,0.0,1,1,0,1,1
2.6363132839087284,1.5708539459498805,0.0,1.0,0.0,0.0,0.0,0.0,1.0,0.0,0.0,0,1,0,1,1
-0.8189865811572414,-0.5724937540977952,0.0,0.0,1.0,0.0,0.0,0.0,0.0,0.0,1.0,0,3,0,0,1
0.23352593393921808,-0.3092756154954491,0.0,1.0,0.0,0.0,0.0,1.0,0.0,0.0,0.0,1,3,0,0,1
-3.0585777291682934,-0.7605067102423282,0.0,0.0,1.0,0.0,0.0,1.0,0.0,0.0,0.0,1,3,0,0,0
-0.38278544498532663,-0.08366006812200955,0.0,0.0,1.0,0.0,0.0,0.0,0.0,1.0,0.0,0,2,0,1,1
-0.7841792430073967,-0.3092756154954491,0.0,0.0,1.0,0.0,0.0,1.0,0.0,0.0,0.0,1,3,0,0,0
2.132408321022389,-2.1202164090795903,0.0,1.0,0.0,1.0,0.0,0.0,0.0,0.0,0.0,1,1,1,1,1
1.812289926928167,0.4427762090826827,0.0,0.0,1.0,0.0,0.0,0.0,1.0,0.0,0.0,0,1,0,0,1
1.7938227894866787,-0.9109170751579546,0.0,1.0,0.0,0.0,0.0,0.0,1.0,0.0,0.0,0,1,0,1,1
0.26497567234198965,0.06675029679361683,0.0,1.0,0.0,0.0,1.0,0.0,0.0,0.0,0.0,1,2,0,0,0
1.1326493972880125,0.06675029679361683,0.0,0.0,1.0,0.0,0.0,0.0,1.0,0.0,0.0,0,1,0,1,1
1.5182728441543658,-0.3844807979532623,0.0,0.0,1.0,0.0,0.0,0.0,1.0,0.0,0.0,0,1,0,1,1
2.6962534687059603,-0.8357118927001413,1.0,0.0,0.0,0.0,0.0,0.0,1.0,0.0,0.0,0,1,0,1,1
0.3444394801955362,-0.23407043303763592,0.0,1.0,0.0,0.0,0.0,0.0,0.0,1.0,0.0,0,2,0,0,0
-0.8019236166026618,-0.08366006812200955,0.0,0.0,1.0,0.0,0.0,1.0,0.0,0.0,0.0,1,3,0,0,0
0.35395586016517094,1.0444176687451883,0.0,1.0,0.0,0.0,1.0,0.0,0.0,0.0,0.0,1,2,0,0,0
-0.806763380796033,-0.23407043303763592,0.0,0.0,1.0,0.0,0.0,0.0,0.0,0.0,1.0,0,3,0,0,1
0.3444394801955362,-0.3844807979532623,0.0,1.0,0.0,0.0,0.0,0.0,0.0,1.0,0.0,0,2,0,0,1
-0.2624619586252086,1.8716746757811333,0.0,0.0,1.0,0.0,1.0,0.0,0.0,0.0,0.0,1,2,0,0,0
2.218822021910339,0.14195547925143,0.0,1.0,0.0,0.0,0.0,0.0,1.0,0.0,0.0,0,1,0,1,1
2.010033264475824,0.8188021213717487,0.0,1.0,0.0,0.0,0.0,0.0,1.0,0.0,0.0,0,1,0,1,1
-0.8797405693934278,-0.5348911628688886,0.0,0.0,1.0,0.0,0.0,1.0,0.0,0.0,0.0,1,3,0,0,0
-0.8019236166026618,-0.15886525057982273,0.0,0.0,1.0,0.0,0.0,1.0,0.0,0.0,0.0,1,3,0,0,0
-0.38278544498532663,0.06675029679361683,0.0,0.0,1.0,0.0,0.0,0.0,0.0,1.0,0.0,0,2,0,0,1
0.4532263111425748,-0.5348911628688886,0.0,1.0,0.0,0.0,0.0,0.0,0.0,1.0,0.0,0,2,0,0,1
1.3361591794576348,-0.3092756154954491,1.0,0.0,0.0,0.0,0.0,1.0,0.0,0.0,0.0,1,3,0,0,0
2.0186331792044068,0.5179813915404959,0.0,0.0,1.0,0.0,0.0,0.0,1.0,0.0,0.0,0,1,0,1,1
-1.0149359989180027,2.3981109529858253,0.0,0.0,1.0,0.0,0.0,1.0,0.0,0.0,0.0,1,3,0,0,0
-0.3336984726090336,0.5179813915404959,0.0,0.0,1.0,0.0,0.0,0.0,0.0,1.0,0.0,0,2,0,1,1
0.11044794172866994,0.14195547925143,0.0,1.0,0.0,0.0,0.0,0.0,0.0,0.0,1.0,0,3,0,0,1
1.1511968252901217,-0.9861222576157678,0.0,1.0,0.0,0.0,0.0,0.0,1.0,0.0,0.0,0,1,0,1,1
0.23352593393921808,-0.5724937540977952,0.0,1.0,0.0,0.0,0.0,0.0,0.0,0.0,1.0,0,3,0,0,1
0.4358726267231761,1.2324306248897212,0.0,0.0,1.0,1.0,0.0,0.0,0.0,0.0,0.0,1,1,0,1,0
2.14527242190355,0.6683917564561223,0.0,1.0,0.0,1.0,0.0,0.0,0.0,0.0,0.0,1,1,0,1,0
-0.01838583697289204,-0.9861222576157678,0.0,1.0,0.0,0.0,0.0,1.0,0.0,0.0,0.0,1,3,0,0,0
2.003535801391161,0.4427762090826827,0.0,1.0,0.0,0.0,0.0,0.0,1.0,0.0,0.0,0,1,0,0,1
-0.8019236166026618,-0.3092756154954491,0.0,0.0,1.0,0.0,0.0,1.0,0.0,0.0,0.0,1,3,0,0,0
1.2920564383571118,-0.008454885664196365,0.0,1.0,0.0,1.0,0.0,0.0,0.0,0.0,0.0,1,1,0,1,0
2.010033264475824,0.8940073038295618,0.0,0.0,1.0,0.0,0.0,0.0,1.0,0.0,0.0,0,1,0,1,1
-0.7841792430073967,1.1948280336608146,0.0,0.0,1.0,0.0,0.0,1.0,0.0,0.0,0.0,1,3,0,0,1
0.6557188297748954,1.1948280336608146,0.0,0.0,1.0,1.0,0.0,0.0,0.0,0.0,0.0,1,1,0,0,0
0.3444394801955362,-2.038994812025152,0.0,1.0,0.0,0.0,1.0,0.0,0.0,0.0,0.0,1,2,1,1,1
2.6987007794454887,-0.3844807979532623,1.0,0.0,0.0,0.0,0.0,0.0,1.0,0.0,0.0,0,1,0,1,1
-0.3336984726090336,-0.08366006812200955,0.0,0.0,1.0,0.0,1.0,0.0,0.0,0.0,0.0,1,2,0,0,0
-0.3336984726090336,-0.3092756154954491,0.0,0.0,1.0,0.0,1.0,0.0,0.0,0.0,0.0,1,2,0,0,0
-0.3336984726090336,0.5179813915404959,0.0,0.0,1.0,0.0,1.0,0.0,0.0,0.0,0.0,1,2,0,0,0
-0.3336984726090336,-0.3844807979532623,0.0,0.0,1.0,0.0,0.0,0.0,0.0,1.0,0.0,0,2,0,1,1
-0.3336984726090336,0.8188021213717487,0.0,0.0,1.0,0.0,0.0,0.0,0.0,1.0,0.0,0,2,0,0,1
-0.12717266791993012,-0.5724937540977952,0.0,1.0,0.0,0.0,0.0,0.0,0.0,0.0,1.0,0,3,0,0,1
-0.1393201011784549,-1.9637896295673392,0.0,1.0,0.0,0.0,0.0,1.0,0.0,0.0,0.0,1,3,1,0,1
-0.7165619336211217,0.969212486287375,0.0,0.0,1.0,0.0,0.0,1.0,0.0,0.0,0.0,1,3,0,0,0
-0.658138561741074,-0.45968598041107545,0.0,0.0,1.0,0.0,0.0,1.0,0.0,0.0,0.0,1,3,0,0,0
0.6414769499431594,0.8188021213717487,0.0,0.0,1.0,1.0,0.0,0.0,0.0,0.0,0.0,1,1,0,1,0
-0.8823470582632056,-1.061327440073581,0.0,1.0,0.0,0.0,0.0,1.0,0.0,0.0,0.0,1,3,0,0,0
-0.029312075627065143,-0.3092756154954491,0.0,1.0,0.0,0.0,0.0,1.0,0.0,0.0,0.0,1,3,0,0,0
-0.8828741679067217,-0.3092756154954491,0.0,0.0,1.0,0.0,0.0,1.0,0.0,0.0,0.0,1,3,0,0,0
-0.6307359423566569,-0.08366006812200955,0.0,0.0,1.0,0.0,0.0,1.0,0.0,0.0,0.0,1,3,0,0,0
1.0976780669265336,-0.5348911628688886,0.0,1.0,0.0,0.0,0.0,0.0,1.0,0.0,0.0,0,1,0,1,1
-0.3336984726090336,0.6683917564561223,0.0,0.0,1.0,0.0,0.0,0.0,0.0,1.0,0.0,0,2,0,0,0
-0.8038521494426432,-0.5724937540977952,0.0,0.0,1.0,0.0,0.0,0.0,0.0,0.0,1.0,0,3,0,0,1
-0.8038521494426432,-0.5724937540977952,0.0,0.0,1.0,0.0,0.0,0.0,0.0,0.0,1.0,0,3,0,0,1
0.4146557174979072,0.8188021213717487,1.0,0.0,0.0,0.0,0.0,1.0,0.0,0.0,0.0,1,3,0,0,0
0.4082334475616762,-0.008454885664196365,0.0,1.0,0.0,0.0,1.0,0.0,0.0,0.0,0.0,1,2,0,0,0
-0.23166125968823223,1.1948280336608146,0.0,1.0,0.0,0.0,0.0,0.0,0.0,0.0,1.0,0,3,0,0,0
-0.9050797531497118,0.4427762090826827,0.0,0.0,1.0,0.0,0.0,1.0,0.0,0.0,0.0,1,3,0,0,0
-0.16405229962564447,-0.3092756154954491,0.0,1.0,0.0,0.0,0.0,1.0,0.0,0.0,0.0,1,3,0,0,0
-0.8797405693934278,0.06675029679361683,0.0,0.0,1.0,0.0,0.0,1.0,0.0,0.0,0.0,1,3,0,0,0
1.4163815756188534,2.3229057705280125,0.0,1.0,0.0,0.0,0.0,0.0,1.0,0.0,0.0,0,1,0,1,1
-0.8823470582632056,-0.5724937540977952,0.0,0.0,1.0,0.0,0.0,0.0,0.0,0.0,1.0,0,3,0,0,1
-0.8189865811572414,-0.5724937540977952,0.0,0.0,1.0,0.0,0.0,0.0,0.0,0.0,1.0,0,3,0,0,1
1.3324938581871215,-0.3844807979532623,0.0,0.0,1.0,0.0,0.0,0.0,1.0,0.0,0.0,0,1,0,1,1
1.1057901177672143,-0.3092756154954491,0.0,1.0,0.0,1.0,0.0,0.0,0.0,0.0,0.0,1,1,0,1,1
-0.9787286015064478,-0.8357118927001413,0.0,1.0,0.0,0.0,0.0,1.0,0.0,0.0,0.0,1,3,0,0,0
-0.7841792430073967,-0.7605067102423282,0.0,0.0,1.0,0.0,0.0,1.0,0.0,0.0,0.0,1,3,0,0,0
2.0186331792044068,-0.5348911628688886,0.0,0.0,1.0,1.0,0.0,0.0,0.0,0.0,0.0,1,1,0,0,0
0.1364991380659541,-1.9637896295673392,1.0,0.0,0.0,0.0,0.0,0.0,0.0,0.0,1.0,0,3,1,0,0
1.5060857797883969,0.4427762090826827,0.0,1.0,0.0,0.0,0.0,0.0,1.0,0.0,0.0,0,1,0,0,1
-0.8797405693934278,-0.5348911628688886,0.0,0.0,1.0,0.0,0.0,0.0,0.0,0.0,1.0,0,3,0,0,1
2.4746366111687697,-0.15886525057982273,0.0,1.0,0.0,1.0,0.0,0.0,0.0,0.0,0.0,1,1,0,1,0
-1.3942229498762084,-0.685301527784515,0.0,0.0,1.0,0.0,0.0,1.0,0.0,0.0,0.0,1,3,0,0,0
-0.8160407306065733,-0.7605067102423282,0.0,0.0,1.0,0.0,0.0,1.0,0.0,0.0,0.0,1,3,0,0,0
2.5497045522452972,0.969212486287375,0.0,0.0,1.0,0.0,0.0,0.0,1.0,0.0,0.0,0,1,0,0,1
-0.14903715526900022,-2.1141999944829655,0.0,1.0,0.0,0.0,0.0,0.0,0.0,0.0,1.0,0,3,1,0,1
-0.798539974052802,0.2171606617092432,0.0,0.0,1.0,0.0,0.0,1.0,0.0,0.0,0.0,1,3,0,0,0
1.0408277503255374,0.4427762090826827,0.0,1.0,0.0,0.0,0.0,0.0,1.0,0.0,0.0,0,1,0,0,1
-0.8019236166026618,-0.3092756154954491,0.0,0.0,1.0,0.0,0.0,1.0,0.0,0.0,0.0,1,3,0,0,0
1.3924082286355355,-0.8357118927001413,0.0,0.0,1.0,0.0,1.0,0.0,0.0,0.0,0.0,1,2,0,0,0
0.936361092700485,-2.1141999944829655,1.0,0.0,0.0,0.0,0.0,1.0,0.0,0.0,0.0,1,3,1,0,0
-0.3336984726090336,0.5179813915404959,0.0,0.0,1.0,0.0,0.0,0.0,0.0,1.0,0.0,0,2,0,0,1
-0.8214439504217126,-0.3092756154954491,0.0,0.0,1.0,0.0,0.0,1.0,0.0,0.0,0.0,1,3,0,0,0
-0.4102164299119116,-0.9109170751579546,0.0,0.0,1.0,0.0,0.0,0.0,0.0,1.0,0.0,0,2,0,0,1
1.8931715298766851,0.5179813915404959,0.0,1.0,0.0,1.0,0.0,0.0,0.0,0.0,0.0,1,1,0,1,1
-0.8135961720983267,-0.6100963453267019,0.0,0.0,1.0,0.0,0.0,1.0,0.0,0.0,0.0,1,3,0,0,1
-0.798539974052802,-0.08366006812200955,0.0,1.0,0.0,0.0,0.0,1.0,0.0,0.0,0.0,1,3,0,0,0
1.834129231109428,-0.45968598041107545,0.0,1.0,0.0,0.0,0.0,0.0,1.0,0.0,0.0,0,1,0,1,1
-0.09156500424402261,-0.3844807979532623,0.0,1.0,0.0,0.0,0.0,0.0,0.0,0.0,1.0,0,3,0,1,1
-0.8135961720983267,-0.5348911628688886,0.0,0.0,1.0,0.0,0.0,1.0,0.0,0.0,0.0,1,3,0,0,0
-0.806763380796033,0.14195547925143,0.0,0.0,1.0,0.0,0.0,0.0,0.0,0.0,1.0,0,3,0,0,0
0.3444394801955362,1.2700332161186279,0.0,0.0,1.0,0.0,1.0,0.0,0.0,0.0,0.0,1,2,0,0,0
-0.5368057694182641,-0.45968598041107545,0.0,0.0,1.0,0.0,1.0,0.0,0.0,0.0,0.0,1,2,0,0,0
-0.35983961362319966,-0.08366006812200955,0.0,0.0,1.0,0.0,0.0,0.0,0.0,1.0,0.0,0,2,0,0,1
-0.798539974052802,0.7435969389139355,0.0,0.0,1.0,0.0,0.0,1.0,0.0,0.0,0.0,1,3,0,0,1
-0.7841792430073967,-0.23407043303763592,0.0,0.0,1.0,0.0,0.0,1.0,0.0,0.0,0.0,1,3,0,0,0
-0.5992616204389827,-0.6100963453267019,0.0,1.0,0.0,0.0,0.0,0.0,0.0,0.0,1.0,0,3,0,0,0
-0.1423794216910609,-0.08366006812200955,0.0,1.0,0.0,0.0,0.0,1.0,0.0,0.0,0.0,1,3,0,0,0
-0.7165619336211217,-0.685301527784515,0.0,0.0,1.0,0.0,0.0,0.0,0.0,0.0,1.0,0,3,0,0,0
0.1329851701219792,0.36757102662486957,0.0,1.0,0.0,0.0,1.0,0.0,0.0,0.0,0.0,1,2,0,0,0
-0.8189865811572414,1.6460591284076938,0.0,0.0,1.0,0.0,0.0,1.0,0.0,0.0,0.0,1,3,0,0,0
0.021587667954472933,-1.9637896295673392,0.0,1.0,0.0,0.0,1.0,0.0,0.0,0.0,0.0,1,2,1,0,1
-0.8160407306065733,-0.6100963453267019,0.0,0.0,1.0,0.0,0.0,1.0,0.0,0.0,0.0,1,3,0,0,0
0.32384119624754826,-0.5724937540977952,1.0,0.0,0.0,0.0,0.0,0.0,0.0,0.0,1.0,0,3,0,0,0
-0.8019236166026618,-0.3092756154954491,0.0,0.0,1.0,0.0,0.0,1.0,0.0,0.0,0.0,1,3,0,0,0
-0.9299653348541039,-0.3092756154954491,0.0,0.0,1.0,0.0,0.0,1.0,0.0,0.0,0.0,1,3,0,0,0
1.5989745568795648,0.29236584416705635,0.0,1.0,0.0,0.0,0.0,0.0,1.0,0.0,0.0,0,1,0,1,1
-3.0585777291682934,0.06675029679361683,0.0,0.0,1.0,0.0,1.0,0.0,0.0,0.0,0.0,1,2,0,0,0
-0.798539974052802,1.1196228512030013,0.0,0.0,1.0,0.0,0.0,1.0,0.0,0.0,0.0,1,3,0,0,1
-0.7841792430073967,-0.5724937540977952,0.0,0.0,1.0,0.0,0.0,0.0,0.0,0.0,1.0,0,3,0,0,0
0.5671628780396996,0.36757102662486957,0.0,1.0,0.0,0.0,0.0,0.0,0.0,1.0,0.0,0,2,0,0,1
-0.3336984726090336,-0.8357118927001413,0.0,1.0,0.0,0.0,0.0,0.0,0.0,1.0,0.0,0,2,0,0,1
-0.3336984726090336,0.06675029679361683,0.0,0.0,1.0,0.0,1.0,0.0,0.0,0.0,0.0,1,2,0,0,0
0.2711522804976662,-1.437353352362647,0.0,1.0,0.0,0.0,0.0,0.0,0.0,0.0,1.0,0,3,1,0,0
-0.8019236166026618,-0.3092756154954491,0.0,0.0,1.0,0.0,0.0,1.0,0.0,0.0,0.0,1,3,0,0,0
-0.8209591021193487,-0.6100963453267019,0.0,0.0,1.0,0.0,0.0,1.0,0.0,0.0,0.0,1,3,0,0,0
-0.804340663003928,-0.008454885664196365,0.0,0.0,1.0,0.0,0.0,1.0,0.0,0.0,0.0,1,3,0,0,0
-0.23528881360946907,-0.08366006812200955,0.0,1.0,0.0,0.0,0.0,0.0,0.0,0.0,1.0,0,3,0,0,0
0.09534793704965058,-0.8357118927001413,0.0,1.0,0.0,0.0,0.0,1.0,0.0,0.0,0.0,1,3,0,0,0
-0.8797405693934278,-0.3092756154954491,0.0,0.0,1.0,0.0,0.0,1.0,0.0,0.0,0.0,1,3,0,0,0
0.3444394801955362,-0.08366006812200955,0.0,1.0,0.0,0.0,0.0,0.0,0.0,1.0,0.0,0,2,0,0,1
0.3444394801955362,-0.7605067102423282,0.0,0.0,1.0,0.0,0.0,0.0,0.0,1.0,0.0,0,2,0,0,1
-0.8189865811572414,-0.3092756154954491,0.0,0.0,1.0,0.0,0.0,1.0,0.0,0.0,0.0,1,3,0,0,0
-0.7841792430073967,0.2171606617092432,0.0,0.0,1.0,0.0,0.0,1.0,0.0,0.0,0.0,1,3,0,1,1
0.36526093570402607,-0.08366006812200955,0.0,0.0,1.0,1.0,0.0,0.0,0.0,0.0,0.0,1,1,0,1,1
-0.12717266791993012,-0.5724937540977952,0.0,1.0,0.0,0.0,0.0,0.0,0.0,0.0,1.0,0,3,0,0,1
0.3444394801955362,0.969212486287375,0.0,1.0,0.0,0.0,0.0,0.0,0.0,1.0,0.0,0,2,0,0,1
-0.8955045384601199,-0.9109170751579546,0.0,0.0,1.0,0.0,0.0,1.0,0.0,0.0,0.0,1,3,0,0,0
1.1141402035210881,1.5708539459498805,0.0,1.0,0.0,1.0,0.0,0.0,0.0,0.0,0.0,1,1,0,1,0
1.8931715298766851,-1.136532622531394,0.0,1.0,0.0,0.0,0.0,0.0,1.0,0.0,0.0,0,1,0,1,1
0.6233938271906204,-0.6100963453267019,1.0,0.0,0.0,0.0,0.0,0.0,0.0,0.0,1.0,0,3,0,0,0
0.021587667954472933,-0.3844807979532623,1.0,0.0,0.0,0.0,0.0,0.0,0.0,1.0,0.0,0,2,0,0,1
2.6987007794454887,2.623726500359265,1.0,0.0,0.0,1.0,0.0,0.0,0.0,0.0,0.0,1,1,0,1,0
-0.5368057694182641,0.14195547925143,0.0,0.0,1.0,0.0,1.0,0.0,0.0,0.0,0.0,1,2,0,0,0
0.35395586016517094,1.1948280336608146,0.0,1.0,0.0,0.0,0.0,0.0,0.0,1.0,0.0,0,2,0,0,1
-0.6307359423566569,-0.685301527784515,0.0,0.0,1.0,0.0,0.0,1.0,0.0,0.0,0.0,1,3,0,0,0
-0.8160407306065733,-0.3092756154954491,0.0,1.0,0.0,0.0,0.0,1.0,0.0,0.0,0.0,1,3,0,0,0
-0.3336984726090336,-0.08366006812200955,0.0,0.0,1.0,0.0,0.0,0.0,0.0,1.0,0.0,0,2,0,0,1
-0.7770730902669089,-0.3092756154954491,0.0,0.0,1.0,0.0,0.0,1.0,0.0,0.0,0.0,1,3,0,0,1
1.5021989568725875,-1.8885844471095259,0.0,1.0,0.0,1.0,0.0,0.0,0.0,0.0,0.0,1,1,1,1,1
0.06007112543995847,-1.2117378049892074,0.0,1.0,0.0,0.0,0.0,0.0,0.0,1.0,0.0,0,2,0,0,1
0.36526093570402607,0.36757102662486957,0.0,0.0,1.0,1.0,0.0,0.0,0.0,0.0,0.0,1,1,0,0,1
0.047825129435189045,-1.8133792646517128,0.0,1.0,0.0,0.0,0.0,0.0,0.0,0.0,1.0,0,3,1,0,1
0.5036031274312862,1.7212643108655068,0.0,0.0,1.0,1.0,0.0,0.0,0.0,0.0,0.0,1,1,0,1,1
0.40928266156909443,0.5179813915404959,0.0,1.0,0.0,0.0,1.0,0.0,0.0,0.0,0.0,1,2,0,0,0
0.0833137463231359,-0.3092756154954491,0.0,1.0,0.0,0.0,0.0,1.0,0.0,0.0,0.0,1,3,0,0,0
0.40928266156909443,0.06675029679361683,0.0,0.0,1.0,1.0,0.0,0.0,0.0,0.0,0.0,1,1,0,1,0
1.588760118059578,1.4956487634920672,0.0,1.0,0.0,1.0,0.0,0.0,0.0,0.0,0.0,1,1,0,1,1
-0.7841792430073967,-0.3092756154954491,0.0,0.0,1.0,0.0,0.0,1.0,0.0,0.0,0.0,1,3,0,0,0
-0.8019236166026618,-0.008454885664196365,0.0,0.0,1.0,0.0,0.0,1.0,0.0,0.0,0.0,1,3,0,0,1
0.36526093570402607,2.6989316828170784,0.0,0.0,1.0,1.0,0.0,0.0,0.0,0.0,0.0,1,1,0,1,0
1.038145562232327,0.4427762090826827,0.0,1.0,0.0,0.0,0.0,0.0,1.0,0.0,0.0,0,1,0,1,1
-0.5368057694182641,1.5708539459498805,0.0,0.0,1.0,0.0,0.0,0.0,0.0,1.0,0.0,0,2,0,0,1
-0.8189865811572414,-0.3092756154954491,0.0,0.0,1.0,0.0,0.0,1.0,0.0,0.0,0.0,1,3,0,0,0
0.36526093570402607,1.4204435810342542,0.0,0.0,1.0,1.0,0.0,0.0,0.0,0.0,0.0,1,1,0,1,1
-0.7841792430073967,0.36757102662486957,0.0,0.0,1.0,0.0,0.0,1.0,0.0,0.0,0.0,1,3,0,0,0
0.7372759377222563,1.345238398576441,0.0,0.0,1.0,1.0,0.0,0.0,0.0,0.0,0.0,1,1,0,1,0
-0.3336984726090336,1.4204435810342542,0.0,0.0,1.0,0.0,1.0,0.0,0.0,0.0,0.0,1,2,0,0,0
-0.7841792430073967,-0.3092756154954491,0.0,0.0,1.0,0.0,0.0,1.0,0.0,0.0,0.0,1,3,0,0,0
-0.9050797531497118,0.6683917564561223,0.0,0.0,1.0,0.0,0.0,1.0,0.0,0.0,0.0,1,3,0,0,0
-3.0585777291682934,0.06675029679361683,0.0,0.0,1.0,0.0,1.0,0.0,0.0,0.0,0.0,1,2,0,0,0
0.36526093570402607,2.0220850406967594,0.0,0.0,1.0,1.0,0.0,0.0,0.0,0.0,0.0,1,1,0,0,0
-0.8219408604763344,-0.3092756154954491,0.0,0.0,1.0,0.0,0.0,1.0,0.0,0.0,0.0,1,3,0,0,0
0.047825129435189045,-2.1330012900974187,0.0,1.0,0.0,0.0,0.0,0.0,0.0,0.0,1.0,0,3,1,0,1
-0.8797405693934278,-0.3092756154954491,0.0,0.0,1.0,0.0,0.0,1.0,0.0,0.0,0.0,1,3,0,0,0
-0.7165619336211217,0.6683917564561223,0.0,0.0,1.0,0.0,0.0,1.0,0.0,0.0,0.0,1,3,0,0,0
0.40928266156909443,0.29236584416705635,0.0,1.0,0.0,0.0,0.0,0.0,0.0,1.0,0.0,0,2,0,0,1
-0.2769007052339032,-0.45968598041107545,0.0,0.0,1.0,0.0,0.0,0.0,0.0,1.0,0.0,0,2,0,1,1
-0.5980700220174994,-0.5348911628688886,0.0,0.0,1.0,0.0,0.0,0.0,0.0,0.0,1.0,0,3,0,0,0
1.0408277503255374,0.8188021213717487,0.0,0.0,1.0,1.0,0.0,0.0,0.0,0.0,0.0,1,1,0,1,0
0.1329851701219792,0.36757102662486957,0.0,1.0,0.0,0.0,1.0,0.0,0.0,0.0,0.0,1,2,0,0,0
-0.9056185997745971,-0.008454885664196365,0.0,1.0,0.0,0.0,0.0,1.0,0.0,0.0,0.0,1,3,0,0,0
-0.8463932397472813,-0.5348911628688886,0.0,0.0,1.0,0.0,0.0,1.0,0.0,0.0,0.0,1,3,0,0,0
-0.38763069046803694,-2.038994812025152,0.0,1.0,0.0,0.0,0.0,0.0,0.0,0.0,1.0,0,3,1,0,1
0.936361092700485,-1.51255853482046,1.0,0.0,0.0,0.0,0.0,1.0,0.0,0.0,0.0,1,3,1,0,0
-3.0585777291682934,0.06675029679361683,0.0,0.0,1.0,0.0,1.0,0.0,0.0,0.0,0.0,1,2,0,0,0
-0.7841792430073967,1.5708539459498805,0.0,0.0,1.0,0.0,0.0,1.0,0.0,0.0,0.0,1,3,0,0,0
-0.6221672631581132,2.548521317901452,0.0,0.0,1.0,0.0,0.0,0.0,0.0,0.0,1.0,0,3,0,0,1
1.6111475224786775,-0.3092756154954491,0.0,1.0,0.0,1.0,0.0,0.0,0.0,0.0,0.0,1,1,0,1,1
0.32384119624754826,-0.5724937540977952,1.0,0.0,0.0,0.0,0.0,0.0,0.0,0.0,1.0,0,3,0,0,0
1.5989745568795648,0.4427762090826827,0.0,1.0,0.0,0.0,0.0,0.0,1.0,0.0,0.0,0,1,0,1,1
0.4770416648490861,2.172495405612386,0.0,0.0,1.0,1.0,0.0,0.0,0.0,0.0,0.0,1,1,0,1,0
-0.7841792430073967,0.06675029679361683,0.0,0.0,1.0,0.0,0.0,1.0,0.0,0.0,0.0,1,3,0,0,0
-0.1393201011784549,-1.51255853482046,0.0,1.0,0.0,0.0,0.0,1.0,0.0,0.0,0.0,1,3,1,0,1
0.0833137463231359,-0.3092756154954491,0.0,1.0,0.0,0.0,0.0,1.0,0.0,0.0,0.0,1,3,0,0,0
-0.8797405693934278,-0.6100963453267019,0.0,0.0,1.0,0.0,0.0,1.0,0.0,0.0,0.0,1,3,0,0,0
0.5036031274312862,1.9468798582389464,0.0,0.0,1.0,1.0,0.0,0.0,0.0,0.0,0.0,1,1,0,1,0
0.9910237262754293,3.1501627775639576,0.0,0.0,1.0,1.0,0.0,0.0,0.0,0.0,0.0,1,1,0,0,0
-0.7841792430073967,-0.6100963453267019,0.0,0.0,1.0,0.0,0.0,1.0,0.0,0.0,0.0,1,3,0,0,0
-0.23138736843472296,-0.3092756154954491,0.0,0.0,1.0,0.0,0.0,1.0,0.0,0.0,0.0,1,3,0,0,0
1.4564440718289613,1.8716746757811333,0.0,1.0,0.0,0.0,0.0,0.0,1.0,0.0,0.0,0,1,0,1,1
-0.1893914833819289,-0.3092756154954491,0.0,0.0,1.0,0.0,0.0,1.0,0.0,0.0,0.0,1,3,0,0,0
2.132408321022389,-0.3092756154954491,0.0,1.0,0.0,0.0,0.0,0.0,1.0,0.0,0.0,0,1,0,1,0
-0.8135961720983267,-0.3844807979532623,0.0,0.0,1.0,0.0,0.0,1.0,0.0,0.0,0.0,1,3,0,0,0
-0.7165619336211217,-0.9109170751579546,0.0,0.0,1.0,0.0,0.0,1.0,0.0,0.0,0.0,1,3,0,0,0
-0.8189865811572414,-0.6100963453267019,0.0,0.0,1.0,0.0,0.0,0.0,0.0,0.0,1.0,0,3,0,0,0
-0.8333405692374476,-0.5724937540977952,0.0,0.0,1.0,0.0,0.0,0.0,0.0,0.0,1.0,0,3,0,0,0
-0.6221672631581132,0.5931865739983091,0.0,0.0,1.0,0.0,0.0,0.0,0.0,0.0,1.0,0,3,0,0,0
1.5584783893656837,-0.9861222576157678,0.0,0.0,1.0,0.0,0.0,0.0,1.0,0.0,0.0,0,1,0,1,1
1.7938227894866787,-0.8357118927001413,0.0,1.0,0.0,1.0,0.0,0.0,0.0,0.0,0.0,1,1,0,1,0
0.3444394801955362,0.29236584416705635,0.0,1.0,0.0,0.0,0.0,0.0,0.0,1.0,0.0,0,2,0,0,1
0.36526093570402607,0.8188021213717487,0.0,0.0,1.0,1.0,0.0,0.0,0.0,0.0,0.0,1,1,0,0,1
0.20218592718197398,-0.08366006812200955,0.0,0.0,1.0,0.0,0.0,1.0,0.0,0.0,0.0,1,3,0,0,0
1.1248955097361604,-0.23407043303763592,0.0,0.0,1.0,0.0,0.0,1.0,0.0,0.0,0.0,1,3,0,0,1
-0.8189865811572414,-0.008454885664196365,0.0,0.0,1.0,0.0,0.0,1.0,0.0,0.0,0.0,1,3,0,0,1
-0.7841792430073967,-0.3092756154954491,0.0,0.0,1.0,0.0,0.0,1.0,0.0,0.0,0.0,1,3,0,0,0
0.3553757823476229,0.5179813915404959,0.0,0.0,1.0,1.0,0.0,0.0,0.0,0.0,0.0,1,1,0,1,1
1.1757752036108362,1.8716746757811333,0.0,1.0,0.0,0.0,0.0,0.0,1.0,0.0,0.0,0,1,0,0,1
-0.8494271027413144,-0.3844807979532623,0.0,0.0,1.0,0.0,0.0,1.0,0.0,0.0,0.0,1,3,0,0,0
0.6130033879569109,1.345238398576441,0.0,0.0,1.0,1.0,0.0,0.0,0.0,0.0,0.0,1,1,0,1,0
-0.5368057694182641,0.36757102662486957,0.0,0.0,1.0,0.0,0.0,0.0,0.0,1.0,0.0,0,2,0,1,1
0.2711522804976662,-0.3092756154954491,0.0,0.0,1.0,0.0,0.0,1.0,0.0,0.0,0.0,1,3,0,0,0
0.3444394801955362,0.5179813915404959,0.0,1.0,0.0,0.0,0.0,0.0,0.0,1.0,0.0,0,2,0,0,1
-0.8019236166026618,0.2171606617092432,0.0,0.0,1.0,0.0,0.0,1.0,0.0,0.0,0.0,1,3,0,0,0
1.6379421972192298,0.06675029679361683,0.0,0.0,1.0,0.0,0.0,0.0,1.0,0.0,0.0,0,1,0,1,1
-0.8019236166026618,-0.5348911628688886,0.0,0.0,1.0,0.0,0.0,1.0,0.0,0.0,0.0,1,3,0,0,0
-0.8828741679067217,-0.3092756154954491,0.0,0.0,1.0,0.0,0.0,1.0,0.0,0.0,0.0,1,3,0,0,0
1.1511968252901217,1.1196228512030013,0.0,1.0,0.0,0.0,0.0,0.0,1.0,0.0,0.0,0,1,0,1,1
-0.8823470582632056,-0.3092756154954491,0.0,0.0,1.0,0.0,0.0,1.0,0.0,0.0,0.0,1,3,0,0,0
-0.8189865811572414,0.8564047126006552,0.0,0.0,1.0,0.0,0.0,1.0,0.0,0.0,0.0,1,3,0,0,0
-0.5368057694182641,1.5708539459498805,0.0,0.0,1.0,0.0,0.0,0.0,0.0,1.0,0.0,0,2,0,0,1
2.523411982756633,0.8188021213717487,0.0,0.0,1.0,1.0,0.0,0.0,0.0,0.0,0.0,1,1,0,1,0
-0.798539974052802,0.7435969389139355,0.0,0.0,1.0,0.0,0.0,1.0,0.0,0.0,0.0,1,3,0,0,0
-0.4507125974257932,-0.45968598041107545,0.0,1.0,0.0,0.0,1.0,0.0,0.0,0.0,0.0,1,2,0,0,0
0.3444394801955362,-2.038994812025152,0.0,1.0,0.0,0.0,0.0,0.0,0.0,1.0,0.0,0,2,1,0,1
-0.8823470582632056,-0.3092756154954491,0.0,0.0,1.0,0.0,0.0,1.0,0.0,0.0,0.0,1,3,0,0,0
-0.8823470582632056,-0.9109170751579546,0.0,1.0,0.0,0.0,0.0,1.0,0.0,0.0,0.0,1,3,0,0,0
0.19484336402527688,-0.5724937540977952,0.0,1.0,0.0,0.0,0.0,0.0,0.0,0.0,1.0,0,3,0,0,1
-0.7165619336211217,0.06675029679361683,0.0,0.0,1.0,0.0,0.0,0.0,0.0,0.0,1.0,0,3,0,0,0
0.35395586016517094,-1.6629688997360863,0.0,1.0,0.0,0.0,0.0,0.0,0.0,1.0,0.0,0,2,1,0,1
0.36526093570402607,1.1948280336608146,0.0,0.0,1.0,1.0,0.0,0.0,0.0,0.0,0.0,1,1,0,1,0
1.7703041212742283,0.06675029679361683,0.0,0.0,1.0,0.0,0.0,0.0,1.0,0.0,0.0,0,1,0,0,1
-0.2286058134653583,-0.3092756154954491,0.0,0.0,1.0,0.0,0.0,1.0,0.0,0.0,0.0,1,3,0,0,0
0.9909378569025421,-0.5348911628688886,0.0,1.0,0.0,0.0,0.0,0.0,1.0,0.0,0.0,0,1,0,1,1
1.3571652197109427,0.5179813915404959,0.0,1.0,0.0,0.0,0.0,0.0,1.0,0.0,0.0,0,1,0,1,1
0.5286989276421437,-1.51255853482046,1.0,0.0,0.0,0.0,0.0,0.0,0.0,0.0,1.0,0,3,1,0,0
0.5286989276421437,-1.3621481699048337,1.0,0.0,0.0,0.0,0.0,0.0,0.0,0.0,1.0,0,3,1,0,0
0.3444394801955362,0.2171606617092432,0.0,1.0,0.0,0.0,1.0,0.0,0.0,0.0,0.0,1,2,0,0,1
1.7703041212742283,1.5708539459498805,0.0,1.0,0.0,1.0,0.0,0.0,0.0,0.0,0.0,1,1,0,1,0
0.3444394801955362,2.623726500359265,0.0,0.0,1.0,1.0,0.0,0.0,0.0,0.0,0.0,1,1,0,0,0
0.3444394801955362,-0.7605067102423282,0.0,1.0,0.0,0.0,0.0,0.0,0.0,1.0,0.0,0,2,0,0,1
-0.27197037165090676,0.06675029679361683,0.0,0.0,1.0,0.0,1.0,0.0,0.0,0.0,0.0,1,2,0,0,1
0.11044794172866994,0.29236584416705635,0.0,1.0,0.0,0.0,0.0,1.0,0.0,0.0,0.0,1,3,0,0,0
0.6904870950626278,-1.5877637172782733,0.0,1.0,0.0,0.0,1.0,0.0,0.0,0.0,0.0,1,2,1,0,1
1.812289926928167,-0.9109170751579546,0.0,1.0,0.0,1.0,0.0,0.0,0.0,0.0,0.0,1,1,0,1,1
0.3444394801955362,-0.15886525057982273,0.0,0.0,1.0,0.0,1.0,0.0,0.0,0.0,0.0,1,2,0,0,0
-0.809682843697731,-0.3092756154954491,0.0,0.0,1.0,0.0,0.0,1.0,0.0,0.0,0.0,1,3,0,0,0
-0.8828741679067217,-0.5348911628688886,0.0,0.0,1.0,0.0,0.0,1.0,0.0,0.0,0.0,1,3,0,0,1
-0.8160407306065733,-0.5348911628688886,0.0,0.0,1.0,0.0,0.0,0.0,0.0,0.0,1.0,0,3,0,0,1
0.36526093570402607,2.4733161354436386,0.0,0.0,1.0,1.0,0.0,0.0,0.0,0.0,0.0,1,1,0,0,0
0.7656365698356679,1.4204435810342542,0.0,1.0,0.0,0.0,0.0,0.0,1.0,0.0,0.0,0,1,0,1,1
2.5497045522452972,0.8188021213717487,0.0,0.0,1.0,1.0,0.0,0.0,0.0,0.0,0.0,1,1,0,0,0
1.4743073772537167,0.7435969389139355,0.0,1.0,0.0,0.0,0.0,0.0,1.0,0.0,0.0,0,1,0,1,1
-0.05151766087005573,0.5179813915404959,0.0,1.0,0.0,0.0,0.0,0.0,0.0,0.0,1.0,0,3,0,0,1
-0.8189865811572414,-0.3092756154954491,0.0,0.0,1.0,0.0,0.0,1.0,0.0,0.0,0.0,1,3,0,0,0
-0.8019236166026618,0.8188021213717487,0.0,0.0,1.0,0.0,0.0,1.0,0.0,0.0,0.0,1,3,0,0,0
-0.29746598596845064,-0.08366006812200955,0.0,0.0,1.0,0.0,1.0,0.0,0.0,0.0,0.0,1,2,0,0,0
-0.7841792430073967,-0.3092756154954491,0.0,0.0,1.0,0.0,0.0,1.0,0.0,0.0,0.0,1,3,0,0,0
-0.7841792430073967,-0.5724937540977952,0.0,0.0,1.0,0.0,0.0,0.0,0.0,0.0,1.0,0,3,0,0,0
0.2711522804976662,-0.3844807979532623,0.0,1.0,0.0,0.0,0.0,1.0,0.0,0.0,0.0,1,3,0,0,0
-0.8019236166026618,-0.7605067102423282,0.0,0.0,1.0,0.0,0.0,1.0,0.0,0.0,0.0,1,3,0,0,0
0.1364991380659541,-0.008454885664196365,1.0,0.0,0.0,0.0,0.0,0.0,0.0,0.0,1.0,0,3,0,0,0
-0.8823470582632056,-0.3092756154954491,0.0,0.0,1.0,0.0,0.0,1.0,0.0,0.0,0.0,1,3,0,0,0
-0.806763380796033,0.2171606617092432,0.0,0.0,1.0,0.0,0.0,1.0,0.0,0.0,0.0,1,3,0,0,1
-0.5368057694182641,2.4733161354436386,0.0,0.0,1.0,0.0,1.0,0.0,0.0,0.0,0.0,1,2,0,0,1
1.0306316027835163,1.79646949332332,0.0,1.0,0.0,0.0,0.0,0.0,1.0,0.0,0.0,0,1,0,1,1
0.35915272270042775,0.5179813915404959,0.0,0.0,1.0,1.0,0.0,0.0,0.0,0.0,0.0,1,1,0,1,1
-0.8189865811572414,-0.5724937540977952,0.0,0.0,1.0,0.0,0.0,0.0,0.0,0.0,1.0,0,3,0,0,1
-0.7841792430073967,-0.9861222576157678,0.0,0.0,1.0,0.0,0.0,1.0,0.0,0.0,0.0,1,3,0,0,0
-0.2286058134653583,-0.7605067102423282,0.0,0.0,1.0,0.0,0.0,1.0,0.0,0.0,0.0,1,3,0,0,0
-0.3336984726090336,0.36757102662486957,0.0,0.0,1.0,0.0,0.0,0.0,0.0,1.0,0.0,0,2,0,0,1
1.1141402035210881,0.7435969389139355,0.0,1.0,0.0,0.0,0.0,0.0,1.0,0.0,0.0,0,1,0,1,1
-0.23138736843472296,-0.5724937540977952,0.0,1.0,0.0,0.0,0.0,0.0,0.0,0.0,1.0,0,3,0,0,0
-0.798539974052802,0.2171606617092432,0.0,0.0,1.0,0.0,0.0,1.0,0.0,0.0,0.0,1,3,0,0,1
0.4870824563024251,-0.3092756154954491,0.0,1.0,0.0,0.0,0.0,0.0,0.0,1.0,0.0,0,2,0,0,1
1.812289926928167,0.7435969389139355,0.0,1.0,0.0,0.0,0.0,0.0,1.0,0.0,0.0,0,1,0,1,1
0.3444394801955362,1.8716746757811333,0.0,0.0,1.0,0.0,1.0,0.0,0.0,0.0,0.0,1,2,0,0,0
0.7789025328484201,0.5179813915404959,0.0,0.0,1.0,1.0,0.0,0.0,0.0,0.0,0.0,1,1,0,1,0
-0.71123278673221,-0.3092756154954491,0.0,0.0,1.0,0.0,0.0,1.0,0.0,0.0,0.0,1,3,0,0,0
1.4743073772537167,-0.8357118927001413,0.0,1.0,0.0,0.0,0.0,0.0,1.0,0.0,0.0,0,1,0,1,1
-0.19582465009716046,1.345238398576441,0.0,0.0,1.0,0.0,1.0,0.0,0.0,0.0,0.0,1,2,0,0,0
1.4685301291949246,2.3229057705280125,0.0,1.0,0.0,1.0,0.0,0.0,0.0,0.0,0.0,1,1,0,1,1
-0.7841792430073967,-0.5348911628688886,0.0,0.0,1.0,0.0,0.0,1.0,0.0,0.0,0.0,1,3,0,0,0
-0.7841792430073967,-0.3092756154954491,0.0,0.0,1.0,0.0,0.0,1.0,0.0,0.0,0.0,1,3,0,0,0
-0.8955045384601199,0.4427762090826827,0.0,0.0,1.0,0.0,0.0,1.0,0.0,0.0,0.0,1,3,0,0,0
1.4564440718289613,1.7212643108655068,0.0,1.0,0.0,0.0,0.0,0.0,1.0,0.0,0.0,0,1,0,1,1
-0.8797405693934278,1.345238398576441,0.0,0.0,1.0,0.0,0.0,1.0,0.0,0.0,0.0,1,3,0,0,0
-0.8189865811572414,-0.5724937540977952,0.0,1.0,0.0,0.0,0.0,0.0,0.0,0.0,1.0,0,3,0,0,0
0.3444394801955362,0.5931865739983091,0.0,1.0,0.0,0.0,1.0,0.0,0.0,0.0,0.0,1,2,0,0,0
0.2711522804976662,0.5179813915404959,0.0,1.0,0.0,0.0,0.0,1.0,0.0,0.0,0.0,1,3,0,0,0
0.5824597491940529,-0.08366006812200955,0.0,0.0,1.0,0.0,0.0,0.0,0.0,1.0,0.0,0,2,0,0,1
-3.0585777291682934,1.4956487634920672,0.0,0.0,1.0,0.0,0.0,1.0,0.0,0.0,0.0,1,3,0,0,0
-0.8828741679067217,-0.3092756154954491,0.0,0.0,1.0,0.0,0.0,1.0,0.0,0.0,0.0,1,3,0,0,0
1.1326493972880125,1.4956487634920672,0.0,1.0,0.0,1.0,0.0,0.0,0.0,0.0,0.0,1,1,0,1,1
0.3819897971587497,-0.3844807979532623,0.0,1.0,0.0,0.0,0.0,0.0,0.0,1.0,0.0,0,2,0,0,1
-0.8019236166026618,-0.3092756154954491,0.0,0.0,1.0,0.0,0.0,1.0,0.0,0.0,0.0,1,3,0,0,0
0.8344967423387601,0.8188021213717487,0.0,0.0,1.0,1.0,0.0,0.0,0.0,0.0,0.0,1,1,0,0,0
-0.7841792430073967,1.1196228512030013,0.0,0.0,1.0,0.0,0.0,1.0,0.0,0.0,0.0,1,3,0,0,0
0.36526093570402607,0.4427762090826827,0.0,0.0,1.0,1.0,0.0,0.0,0.0,0.0,0.0,1,1,0,0,1
-0.16092818251417132,0.5179813915404959,0.0,1.0,0.0,0.0,0.0,1.0,0.0,0.0,0.0,1,3,0,0,0
-0.8019236166026618,0.06675029679361683,0.0,0.0,1.0,0.0,0.0,1.0,0.0,0.0,0.0,1,3,0,0,0
0.5036031274312862,-0.15886525057982273,0.0,0.0,1.0,1.0,0.0,0.0,0.0,0.0,0.0,1,1,0,0,1
0.8147822510349934,-0.5348911628688886,0.0,1.0,0.0,0.0,0.0,0.0,0.0,1.0,0.0,0,2,0,0,1
2.14527242190355,0.8188021213717487,0.0,0.0,1.0,0.0,0.0,0.0,1.0,0.0,0.0,0,1,0,1,1
0.5286989276421437,0.7435969389139355,1.0,0.0,0.0,0.0,0.0,0.0,0.0,0.0,1.0,0,3,0,0,0
-0.9050797531497118,-0.3092756154954491,0.0,0.0,1.0,0.0,0.0,1.0,0.0,0.0,0.0,1,3,0,0,0
-0.16405229962564447,-0.5724937540977952,0.0,1.0,0.0,0.0,0.0,0.0,0.0,0.0,1.0,0,3,0,0,1
-0.8189865811572414,-0.3092756154954491,0.0,0.0,1.0,0.0,0.0,1.0,0.0,0.0,0.0,1,3,0,0,0
-0.7841792430073967,0.4427762090826827,0.0,0.0,1.0,0.0,0.0,1.0,0.0,0.0,0.0,1,3,0,0,0
1.2673242399099218,-0.3844807979532623,0.0,1.0,0.0,0.0,0.0,0.0,0.0,1.0,0.0,0,2,0,0,1
-0.23528881360946907,0.36757102662486957,0.0,1.0,0.0,0.0,0.0,1.0,0.0,0.0,0.0,1,3,0,0,0
-0.12717266791993012,-0.23407043303763592,0.0,1.0,0.0,0.0,0.0,0.0,0.0,0.0,1.0,0,3,0,0,0
0.750263780890198,-1.8885844471095259,0.0,1.0,0.0,0.0,0.0,0.0,0.0,1.0,0.0,0,2,1,1,1
-0.5368057694182641,-0.23407043303763592,0.0,0.0,1.0,0.0,1.0,0.0,0.0,0.0,0.0,1,2,0,0,0
-0.23166125968823223,-0.15886525057982273,0.0,1.0,0.0,0.0,0.0,1.0,0.0,0.0,0.0,1,3,0,0,0
1.0515683442816504,0.969212486287375,0.0,1.0,0.0,1.0,0.0,0.0,0.0,0.0,0.0,1,1,0,1,1
-0.14903715526900022,-0.685301527784515,0.0,1.0,0.0,0.0,0.0,1.0,0.0,0.0,0.0,1,3,0,0,1
-0.806763380796033,-0.6100963453267019,0.0,0.0,1.0,0.0,0.0,1.0,0.0,0.0,0.0,1,3,0,0,0
-0.12717266791993012,-0.6100963453267019,0.0,0.0,1.0,0.0,0.0,1.0,0.0,0.0,0.0,1,3,0,0,0
0.5616248415955212,2.3981109529858253,0.0,0.0,1.0,1.0,0.0,0.0,0.0,0.0,0.0,1,1,0,1,0
-0.38278544498532663,2.0972902231545727,0.0,0.0,1.0,0.0,1.0,0.0,0.0,0.0,0.0,1,2,0,0,0
1.452419049919151,-0.6100963453267019,0.0,0.0,1.0,0.0,0.0,0.0,1.0,0.0,0.0,0,1,0,1,1
-0.8019236166026618,-0.23407043303763592,0.0,0.0,1.0,0.0,0.0,1.0,0.0,0.0,0.0,1,3,0,0,0
-0.8209591021193487,-0.3092756154954491,0.0,0.0,1.0,0.0,0.0,1.0,0.0,0.0,0.0,1,3,0,0,0
0.4870824563024251,3.827009419684276,0.0,0.0,1.0,1.0,0.0,0.0,0.0,0.0,0.0,1,1,0,1,1
-0.9045411875888885,1.6460591284076938,0.0,0.0,1.0,0.0,0.0,1.0,0.0,0.0,0.0,1,3,0,0,0
0.5036031274312862,0.2171606617092432,0.0,0.0,1.0,1.0,0.0,0.0,0.0,0.0,0.0,1,1,0,1,1
-3.0585777291682934,0.8188021213717487,0.0,0.0,1.0,1.0,0.0,0.0,0.0,0.0,0.0,1,1,0,0,0
0.4146557174979072,-1.51255853482046,1.0,0.0,0.0,0.0,0.0,0.0,0.0,0.0,1.0,0,3,1,0,0
-0.3336984726090336,-0.08366006812200955,0.0,0.0,1.0,0.0,0.0,0.0,0.0,1.0,0.0,0,2,0,0,1
-0.798539974052802,0.2171606617092432,0.0,0.0,1.0,0.0,0.0,1.0,0.0,0.0,0.0,1,3,0,0,0
0.35395586016517094,0.14195547925143,0.0,1.0,0.0,0.0,1.0,0.0,0.0,0.0,0.0,1,2,0,0,0
0.7678594338107121,0.8940073038295618,1.0,0.0,0.0,0.0,0.0,0.0,0.0,0.0,1.0,0,3,0,0,0
-0.12717266791993012,-0.3092756154954491,0.0,1.0,0.0,0.0,0.0,1.0,0.0,0.0,0.0,1,3,0,0,0
-0.806763380796033,-0.685301527784515,0.0,0.0,1.0,0.0,0.0,1.0,0.0,0.0,0.0,1,3,0,0,0
1.3324938581871215,-0.3844807979532623,0.0,0.0,1.0,0.0,0.0,0.0,1.0,0.0,0.0,0,1,0,1,1
0.4146557174979072,-2.038994812025152,1.0,0.0,0.0,0.0,0.0,0.0,0.0,0.0,1.0,0,3,1,0,0
1.1248955097361604,-0.3092756154954491,0.0,0.0,1.0,0.0,0.0,1.0,0.0,0.0,0.0,1,3,0,0,1
0.047825129435189045,-2.1330012900974187,0.0,1.0,0.0,0.0,0.0,0.0,0.0,0.0,1.0,0,3,1,0,1
1.4362199751817062,1.4204435810342542,0.0,1.0,0.0,1.0,0.0,0.0,0.0,0.0,0.0,1,1,0,1,1
-0.8019236166026618,-0.7605067102423282,0.0,0.0,1.0,0.0,0.0,1.0,0.0,0.0,0.0,1,3,0,0,0
0.6557188297748954,2.0220850406967594,0.0,0.0,1.0,1.0,0.0,0.0,0.0,0.0,0.0,1,1,0,1,1
-0.8428609376877135,-0.3092756154954491,0.0,0.0,1.0,0.0,0.0,1.0,0.0,0.0,0.0,1,3,0,0,0
-0.8428609376877135,-0.45968598041107545,0.0,0.0,1.0,0.0,0.0,0.0,0.0,0.0,1.0,0,3,0,0,1
-0.8019236166026618,-0.3092756154954491,0.0,0.0,1.0,0.0,0.0,1.0,0.0,0.0,0.0,1,3,0,0,0
0.2228261499229997,-0.8357118927001413,0.0,1.0,0.0,0.0,0.0,0.0,0.0,1.0,0.0,0,2,0,0,1
-0.741349052303618,-0.6100963453267019,0.0,0.0,1.0,0.0,0.0,1.0,0.0,0.0,0.0,1,3,0,0,0
-0.809682843697731,-0.5724937540977952,0.0,0.0,1.0,0.0,0.0,0.0,0.0,0.0,1.0,0,3,0,0,1
-0.9442940832331417,-0.8357118927001413,0.0,0.0,1.0,0.0,0.0,0.0,0.0,0.0,1.0,0,3,0,0,0
1.3924082286355355,-0.3844807979532623,0.0,1.0,0.0,0.0,1.0,0.0,0.0,0.0,0.0,1,2,0,0,0
-0.8019236166026618,-0.3092756154954491,0.0,0.0,1.0,0.0,0.0,1.0,0.0,0.0,0.0,1,3,0,0,0
-0.16405229962564447,0.2171606617092432,0.0,1.0,0.0,0.0,0.0,0.0,0.0,0.0,1.0,0,3,0,0,0
-0.3336984726090336,-0.45968598041107545,0.0,0.0,1.0,0.0,1.0,0.0,0.0,0.0,0.0,1,2,0,0,0
1.834129231109428,2.172495405612386,0.0,1.0,0.0,1.0,0.0,0.0,0.0,0.0,0.0,1,1,0,1,0
2.003535801391161,1.5708539459498805,0.0,1.0,0.0,1.0,0.0,0.0,0.0,0.0,0.0,1,1,0,0,1
-0.8828741679067217,0.8188021213717487,0.0,0.0,1.0,0.0,0.0,1.0,0.0,0.0,0.0,1,3,0,0,0
0.32854312829417104,1.345238398576441,0.0,0.0,1.0,1.0,0.0,0.0,0.0,0.0,0.0,1,1,0,1,0
-0.8494271027413144,0.5179813915404959,0.0,0.0,1.0,0.0,0.0,1.0,0.0,0.0,0.0,1,3,0,0,0
-0.798539974052802,-0.685301527784515,0.0,1.0,0.0,0.0,0.0,1.0,0.0,0.0,0.0,1,3,0,0,1
1.3924082286355355,0.2171606617092432,0.0,1.0,0.0,0.0,1.0,0.0,0.0,0.0,0.0,1,2,0,0,0
-0.3336984726090336,-0.3092756154954491,0.0,0.0,1.0,0.0,1.0,0.0,0.0,0.0,0.0,1,2,0,0,0
-0.8160407306065733,-0.3092756154954491,0.0,0.0,1.0,0.0,0.0,1.0,0.0,0.0,0.0,1,3,0,0,0
-0.7841792430073967,1.0444176687451883,0.0,0.0,1.0,0.0,0.0,1.0,0.0,0.0,0.0,1,3,0,0,0
1.0408277503255374,0.4427762090826827,0.0,1.0,0.0,0.0,0.0,0.0,1.0,0.0,0.0,0,1,0,1,1
0.750263780890198,0.8188021213717487,0.0,1.0,0.0,0.0,0.0,0.0,0.0,1.0,0.0,0,2,0,0,1
1.0408277503255374,0.14195547925143,0.0,1.0,0.0,1.0,0.0,0.0,0.0,0.0,0.0,1,1,0,1,0
-0.5368057694182641,3.0749575951061443,0.0,0.0,1.0,0.0,1.0,0.0,0.0,0.0,0.0,1,2,0,0,0
-0.3336984726090336,0.14195547925143,0.0,0.0,1.0,0.0,1.0,0.0,0.0,0.0,0.0,1,2,0,0,1
-3.0585777291682934,0.06675029679361683,0.0,0.0,1.0,0.0,1.0,0.0,0.0,0.0,0.0,1,2,0,0,0
-0.8160407306065733,-0.8357118927001413,0.0,0.0,1.0,0.0,0.0,1.0,0.0,0.0,0.0,1,3,0,0,0
-0.7841792430073967,-0.3468782067243557,0.0,0.0,1.0,0.0,0.0,1.0,0.0,0.0,0.0,1,3,0,0,0
-0.597669953407196,-0.8357118927001413,0.0,0.0,1.0,0.0,0.0,0.0,0.0,0.0,1.0,0,3,0,0,1
0.936361092700485,1.0444176687451883,1.0,0.0,0.0,0.0,0.0,0.0,0.0,0.0,1.0,0,3,0,0,0
3.3852937438182273,0.5179813915404959,0.0,1.0,0.0,1.0,0.0,0.0,0.0,0.0,0.0,1,1,0,1,1
-0.774244266805356,-0.5724937540977952,0.0,0.0,1.0,0.0,0.0,0.0,0.0,0.0,1.0,0,3,0,0,0
1.4362199751817062,-0.15886525057982273,0.0,0.0,1.0,1.0,0.0,0.0,0.0,0.0,0.0,1,1,0,1,1
-0.658138561741074,-0.685301527784515,0.0,0.0,1.0,0.0,0.0,1.0,0.0,0.0,0.0,1,3,0,0,0
0.936361092700485,-1.136532622531394,1.0,0.0,0.0,0.0,0.0,1.0,0.0,0.0,0.0,1,3,0,0,0
0.750263780890198,2.3229057705280125,0.0,1.0,0.0,0.0,1.0,0.0,0.0,0.0,0.0,1,2,0,0,0
0.8147822510349934,-0.3092756154954491,0.0,1.0,0.0,0.0,1.0,0.0,0.0,0.0,0.0,1,2,0,0,0
0.7678594338107121,-1.136532622531394,1.0,0.0,0.0,0.0,0.0,1.0,0.0,0.0,0.0,1,3,0,0,0
-0.5667940759868451,-0.7605067102423282,0.0,0.0,1.0,0.0,0.0,1.0,0.0,0.0,0.0,1,3,0,0,0
-0.8135961720983267,-0.8357118927001413,0.0,0.0,1.0,0.0,0.0,1.0,0.0,0.0,0.0,1,3,0,0,0
2.4738467350641637,-1.061327440073581,0.0,1.0,0.0,0.0,0.0,0.0,1.0,0.0,0.0,0,1,0,1,1
1.1339105535671157,0.14195547925143,0.0,1.0,0.0,1.0,0.0,0.0,0.0,0.0,0.0,1,1,0,1,1
-0.3034147385612252,-1.8885844471095259,0.0,1.0,0.0,0.0,0.0,0.0,0.0,0.0,1.0,0,3,1,0,1
1.1248955097361604,-0.3092756154954491,0.0,0.0,1.0,0.0,0.0,1.0,0.0,0.0,0.0,1,3,0,0,1
-0.8828741679067217,-0.3092756154954491,0.0,0.0,1.0,0.0,0.0,1.0,0.0,0.0,0.0,1,3,0,0,0
0.36526093570402607,2.3229057705280125,0.0,0.0,1.0,1.0,0.0,0.0,0.0,0.0,0.0,1,1,0,0,0
-0.29746598596845064,1.7212643108655068,0.0,0.0,1.0,0.0,1.0,0.0,0.0,0.0,0.0,1,2,0,0,0
-0.7841792430073967,1.1196228512030013,0.0,0.0,1.0,0.0,0.0,1.0,0.0,0.0,0.0,1,3,0,0,0
-0.8209591021193487,-0.5724937540977952,0.0,0.0,1.0,0.0,0.0,0.0,0.0,0.0,1.0,0,3,0,0,1
1.812289926928167,1.4956487634920672,0.0,1.0,0.0,1.0,0.0,0.0,0.0,0.0,0.0,1,1,0,1,0
-0.830854756854953,0.969212486287375,0.0,0.0,1.0,0.0,0.0,1.0,0.0,0.0,0.0,1,3,0,1,0
2.5497045522452972,-0.8357118927001413,0.0,1.0,0.0,0.0,0.0,0.0,1.0,0.0,0.0,0,1,0,1,1
0.3553757823476229,0.4427762090826827,0.0,0.0,1.0,1.0,0.0,0.0,0.0,0.0,0.0,1,1,0,1,1
-0.23166125968823223,-0.8357118927001413,0.0,1.0,0.0,0.0,0.0,0.0,0.0,0.0,1.0,0,3,0,0,0
-0.8199664648688783,-0.3092756154954491,0.0,0.0,1.0,0.0,0.0,1.0,0.0,0.0,0.0,1,3,0,0,0
-0.806763380796033,-0.23407043303763592,0.0,1.0,0.0,0.0,0.0,1.0,0.0,0.0,0.0,1,3,0,0,0
0.3444394801955362,0.7435969389139355,0.0,0.0,1.0,0.0,1.0,0.0,0.0,0.0,0.0,1,2,0,0,0
-0.29746598596845064,1.1948280336608146,0.0,0.0,1.0,0.0,0.0,0.0,0.0,1.0,0.0,0,2,0,0,1
0.3553757823476229,0.969212486287375,0.0,0.0,1.0,1.0,0.0,0.0,0.0,0.0,0.0,1,1,0,1,1
2.132408321022389,-0.5348911628688886,0.0,0.0,1.0,0.0,0.0,0.0,1.0,0.0,0.0,0,1,0,0,1
-0.1800831698720664,-0.3092756154954491,0.0,1.0,0.0,0.0,0.0,1.0,0.0,0.0,0.0,1,3,0,0,1
0.9910237262754293,-0.3844807979532623,0.0,0.0,1.0,0.0,0.0,0.0,1.0,0.0,0.0,0,1,0,1,1
0.36526093570402607,0.8188021213717487,0.0,0.0,1.0,1.0,0.0,0.0,0.0,0.0,0.0,1,1,0,1,0
1.0408277503255374,1.4204435810342542,0.0,1.0,0.0,1.0,0.0,0.0,0.0,0.0,0.0,1,1,0,1,1
-0.6323794480268654,-0.008454885664196365,0.0,0.0,1.0,0.0,0.0,1.0,0.0,0.0,0.0,1,3,0,0,0
-0.3336984726090336,1.7212643108655068,0.0,0.0,1.0,0.0,1.0,0.0,0.0,0.0,0.0,1,2,0,0,0
-0.830854756854953,-0.7605067102423282,0.0,0.0,1.0,0.0,0.0,1.0,0.0,0.0,0.0,1,3,0,1,0
2.5497045522452972,0.6683917564561223,0.0,0.0,1.0,0.0,0.0,0.0,1.0,0.0,0.0,0,1,0,1,1
-0.5368057694182641,-0.15886525057982273,0.0,0.0,1.0,0.0,0.0,0.0,0.0,1.0,0.0,0,2,0,1,1
-0.16405229962564447,-0.3092756154954491,0.0,0.0,1.0,0.0,0.0,1.0,0.0,0.0,0.0,1,3,0,0,0
-0.8160407306065733,0.29236584416705635,0.0,0.0,1.0,0.0,0.0,1.0,0.0,0.0,0.0,1,3,0,0,0
0.5824597491940529,-1.7381740821938996,0.0,1.0,0.0,0.0,0.0,0.0,0.0,1.0,0.0,0,2,1,0,1
-0.9045411875888885,-0.9109170751579546,0.0,1.0,0.0,0.0,0.0,1.0,0.0,0.0,0.0,1,3,0,0,0
-0.3336984726090336,0.36757102662486957,0.0,0.0,1.0,0.0,1.0,0.0,0.0,0.0,0.0,1,2,0,0,0
-0.3336984726090336,1.5708539459498805,0.0,0.0,1.0,0.0,1.0,0.0,0.0,0.0,0.0,1,2,0,0,0
1.0620380556287106,-0.15886525057982273,0.0,1.0,0.0,1.0,0.0,0.0,0.0,0.0,0.0,1,1,0,1,1
-0.7165619336211217,-0.685301527784515,0.0,0.0,1.0,0.0,0.0,1.0,0.0,0.0,0.0,1,3,0,0,0
0.1329851701219792,0.06675029679361683,0.0,1.0,0.0,0.0,0.0,0.0,0.0,1.0,0.0,0,2,0,0,1
-0.8204626642072291,-0.5724937540977952,0.0,0.0,1.0,0.0,0.0,0.0,0.0,0.0,1.0,0,3,0,0,1
0.3444394801955362,-0.3092756154954491,0.0,1.0,0.0,0.0,1.0,0.0,0.0,0.0,0.0,1,2,0,0,0
-0.798539974052802,-0.3092756154954491,0.0,1.0,0.0,0.0,0.0,0.0,0.0,0.0,1.0,0,3,0,0,0
2.4738467350641637,-0.008454885664196365,0.0,0.0,1.0,0.0,0.0,0.0,1.0,0.0,0.0,0,1,0,1,1
0.023546289947323752,-1.3621481699048337,0.0,0.0,1.0,0.0,0.0,1.0,0.0,0.0,0.0,1,3,1,0,0
-3.0585777291682934,0.06675029679361683,0.0,0.0,1.0,0.0,1.0,0.0,0.0,0.0,0.0,1,2,0,0,0
-0.3336984726090336,-0.45968598041107545,0.0,0.0,1.0,0.0,1.0,0.0,0.0,0.0,0.0,1,2,0,0,0
-0.3336984726090336,-0.45968598041107545,0.0,0.0,1.0,0.0,1.0,0.0,0.0,0.0,0.0,1,2,0,0,0
-0.12717266791993012,-0.04605747689310296,0.0,0.0,1.0,0.0,0.0,1.0,0.0,0.0,0.0,1,3,0,0,0
0.6233938271906204,1.4204435810342542,1.0,0.0,0.0,0.0,0.0,0.0,0.0,0.0,1.0,0,3,0,0,0
3.3852937438182273,0.4427762090826827,0.0,0.0,1.0,1.0,0.0,0.0,0.0,0.0,0.0,1,1,0,1,1
-0.8019236166026618,-0.3092756154954491,0.0,0.0,1.0,0.0,0.0,1.0,0.0,0.0,0.0,1,3,0,0,0
-0.8019236166026618,-0.3092756154954491,0.0,0.0,1.0,0.0,0.0,1.0,0.0,0.0,0.0,1,3,0,0,0
0.4870824563024251,0.8188021213717487,0.0,0.0,1.0,1.0,0.0,0.0,0.0,0.0,0.0,1,1,0,1,1
1.464014258564117,0.5179813915404959,0.0,1.0,0.0,1.0,0.0,0.0,0.0,0.0,0.0,1,1,0,1,0
2.6962534687059603,-0.6100963453267019,1.0,0.0,0.0,0.0,0.0,0.0,1.0,0.0,0.0,0,1,0,1,1
-0.12717266791993012,-0.3844807979532623,0.0,1.0,0.0,0.0,0.0,1.0,0.0,0.0,0.0,1,3,0,0,0
-0.798539974052802,0.14195547925143,0.0,0.0,1.0,0.0,0.0,1.0,0.0,0.0,0.0,1,3,0,0,1
1.3571652197109427,3.0749575951061443,0.0,1.0,0.0,1.0,0.0,0.0,0.0,0.0,0.0,1,1,0,1,0
0.0971716406458445,-0.9861222576157678,0.0,1.0,0.0,0.0,0.0,1.0,0.0,0.0,0.0,1,3,0,0,0
-0.3336984726090336,0.06675029679361683,0.0,0.0,1.0,0.0,0.0,0.0,0.0,1.0,0.0,0,2,0,0,1
1.0620380556287106,-0.7605067102423282,0.0,1.0,0.0,1.0,0.0,0.0,0.0,0.0,0.0,1,1,0,1,0
-0.8189865811572414,0.14195547925143,0.0,0.0,1.0,0.0,0.0,1.0,0.0,0.0,0.0,1,3,0,0,0
0.2228261499229997,-1.8885844471095259,0.0,1.0,0.0,0.0,0.0,0.0,0.0,1.0,0.0,0,2,1,0,1
-0.37316263612134226,-1.7381740821938996,0.0,1.0,0.0,0.0,0.0,1.0,0.0,0.0,0.0,1,3,1,1,1
-0.6307359423566569,0.29236584416705635,0.0,0.0,1.0,0.0,0.0,1.0,0.0,0.0,0.0,1,3,0,0,0
-0.8019236166026618,-0.45968598041107545,0.0,0.0,1.0,0.0,0.0,1.0,0.0,0.0,0.0,1,3,0,0,0
1.2673242399099218,1.4204435810342542,0.0,1.0,0.0,0.0,0.0,0.0,0.0,1.0,0.0,0,2,0,0,1
-0.2286058134653583,-2.139017704694044,0.0,1.0,0.0,0.0,1.0,0.0,0.0,0.0,0.0,1,2,1,0,1
-0.8135961720983267,-0.08366006812200955,0.0,0.0,1.0,0.0,0.0,1.0,0.0,0.0,0.0,1,3,0,0,0
-0.4507125974257932,-0.8357118927001413,0.0,0.0,1.0,0.0,1.0,0.0,0.0,0.0,0.0,1,2,0,0,0
-0.7841792430073967,0.36757102662486957,0.0,0.0,1.0,0.0,0.0,1.0,0.0,0.0,0.0,1,3,0,0,0
1.5584783893656837,0.29236584416705635,0.0,0.0,1.0,0.0,0.0,0.0,1.0,0.0,0.0,0,1,0,1,1
-0.2286058134653583,-0.3092756154954491,0.0,0.0,1.0,0.0,0.0,1.0,0.0,0.0,0.0,1,3,0,0,0
-0.8955045384601199,0.8940073038295618,0.0,0.0,1.0,0.0,0.0,1.0,0.0,0.0,0.0,1,3,0,0,0
-0.8823470582632056,-0.685301527784515,0.0,0.0,1.0,0.0,0.0,1.0,0.0,0.0,0.0,1,3,0,0,1
1.8931715298766851,0.5179813915404959,0.0,1.0,0.0,0.0,0.0,0.0,1.0,0.0,0.0,0,1,0,1,1
-0.8160407306065733,-0.9861222576157678,0.0,0.0,1.0,0.0,0.0,1.0,0.0,0.0,0.0,1,3,0,0,0
1.452419049919151,1.6460591284076938,0.0,1.0,0.0,0.0,0.0,0.0,1.0,0.0,0.0,0,1,0,1,1
0.7656365698356679,0.8188021213717487,0.0,0.0,1.0,1.0,0.0,0.0,0.0,0.0,0.0,1,1,0,0,0
-0.8189865811572414,0.1043528880225234,0.0,0.0,1.0,0.0,0.0,0.0,0.0,0.0,1.0,0,3,0,0,0
0.2711522804976662,-0.3092756154954491,0.0,1.0,0.0,0.0,0.0,1.0,0.0,0.0,0.0,1,3,0,0,0
-0.7491276790090223,0.2171606617092432,0.0,0.0,1.0,0.0,0.0,1.0,0.0,0.0,0.0,1,3,0,0,0
-0.6307359423566569,-0.3844807979532623,0.0,0.0,1.0,0.0,0.0,1.0,0.0,0.0,0.0,1,3,0,0,0
-0.806763380796033,1.4204435810342542,0.0,0.0,1.0,0.0,0.0,1.0,0.0,0.0,0.0,1,3,0,0,0
-0.5368057694182641,2.0972902231545727,0.0,0.0,1.0,0.0,0.0,0.0,0.0,1.0,0.0,0,2,0,1,0
-0.8828741679067217,-0.3092756154954491,0.0,0.0,1.0,0.0,0.0,1.0,0.0,0.0,0.0,1,3,0,0,0
0.2228261499229997,1.8716746757811333,1.0,0.0,0.0,0.0,0.0,0.0,0.0,1.0,0.0,0,2,0,0,1
-0.8189865811572414,-0.8357118927001413,0.0,0.0,1.0,0.0,0.0,1.0,0.0,0.0,0.0,1,3,0,0,0
-0.8189865811572414,-0.3092756154954491,0.0,0.0,1.0,0.0,0.0,1.0,0.0,0.0,0.0,1,3,0,1,0
-0.37316263612134226,-1.8133792646517128,0.0,0.0,1.0,0.0,0.0,0.0,0.0,0.0,1.0,0,3,1,0,1
-0.8204626642072291,-0.3092756154954491,0.0,0.0,1.0,0.0,0.0,1.0,0.0,0.0,0.0,1,3,0,0,0
2.4738467350641637,1.0444176687451883,0.0,1.0,0.0,0.0,0.0,0.0,1.0,0.0,0.0,0,1,0,1,1
-0.8823470582632056,-1.2117378049892074,0.0,0.0,1.0,0.0,0.0,0.0,0.0,0.0,1.0,0,3,0,0,1
1.1339105535671157,-0.9109170751579546,0.0,1.0,0.0,0.0,0.0,0.0,1.0,0.0,0.0,0,1,0,1,1
0.4870824563024251,-0.008454885664196365,0.0,0.0,1.0,1.0,0.0,0.0,0.0,0.0,0.0,1,1,0,1,0
0.24200663802437702,-0.3092756154954491,0.0,1.0,0.0,0.0,0.0,1.0,0.0,0.0,0.0,1,3,0,0,0
-0.9050797531497118,-0.3092756154954491,0.0,0.0,1.0,0.0,0.0,1.0,0.0,0.0,0.0,1,3,0,0,0
-0.8797405693934278,-0.3092756154954491,0.0,0.0,1.0,0.0,0.0,1.0,0.0,0.0,0.0,1,3,0,0,0
-0.8494271027413144,-0.8357118927001413,0.0,0.0,1.0,0.0,0.0,0.0,0.0,0.0,1.0,0,3,0,0,1
0.457519539438721,-1.5877637172782733,1.0,0.0,0.0,0.0,0.0,1.0,0.0,0.0,0.0,1,3,1,0,0
0.11284358066326507,-2.1141999944829655,0.0,1.0,0.0,0.0,0.0,1.0,0.0,0.0,0.0,1,3,1,0,1
1.4685301291949246,1.2700332161186279,0.0,0.0,1.0,1.0,0.0,0.0,0.0,0.0,0.0,1,1,0,1,0
-0.8189865811572414,-0.3092756154954491,0.0,0.0,1.0,0.0,0.0,1.0,0.0,0.0,0.0,1,3,0,0,0
0.3444394801955362,-0.9861222576157678,0.0,0.0,1.0,0.0,1.0,0.0,0.0,0.0,0.0,1,2,0,0,0
1.3361591794576348,-0.5724937540977952,1.0,0.0,0.0,0.0,0.0,0.0,0.0,0.0,1.0,0,3,0,0,0
0.5100012756239033,0.8188021213717487,0.0,0.0,1.0,1.0,0.0,0.0,0.0,0.0,0.0,1,1,0,0,0
-0.8019236166026618,-0.3092756154954491,0.0,0.0,1.0,0.0,0.0,1.0,0.0,0.0,0.0,1,3,0,0,0
-0.3336984726090336,0.7435969389139355,0.0,0.0,1.0,0.0,1.0,0.0,0.0,0.0,0.0,1,2,0,0,0
0.3417284274758476,1.4956487634920672,0.0,0.0,1.0,0.0,0.0,0.0,1.0,0.0,0.0,0,1,0,1,1
-0.7143416664249429,0.14195547925143,0.0,0.0,1.0,0.0,0.0,0.0,0.0,0.0,1.0,0,3,0,0,1
-0.8823470582632056,0.06675029679361683,0.0,0.0,1.0,0.0,0.0,1.0,0.0,0.0,0.0,1,3,0,0,0
0.2711522804976662,0.06675029679361683,0.0,1.0,0.0,0.0,0.0,0.0,0.0,0.0,1.0,0,3,0,0,0
-0.3336984726090336,0.36757102662486957,0.0,0.0,1.0,0.0,1.0,0.0,0.0,0.0,0.0,1,2,0,0,0
0.35395586016517094,0.14195547925143,0.0,1.0,0.0,0.0,0.0,0.0,0.0,1.0,0.0,0,2,0,0,1
1.8931715298766851,-1.3621481699048337,0.0,1.0,0.0,1.0,0.0,0.0,0.0,0.0,0.0,1,1,1,1,1
-0.7322606388880221,-2.157819000308497,0.0,1.0,0.0,0.0,0.0,1.0,0.0,0.0,0.0,1,3,1,0,1
-0.9147445967366699,-0.15886525057982273,0.0,0.0,1.0,0.0,0.0,1.0,0.0,0.0,0.0,1,3,0,0,1
-0.8160407306065733,0.14195547925143,0.0,0.0,1.0,0.0,0.0,1.0,0.0,0.0,0.0,1,3,0,0,0
-3.0585777291682934,0.7435969389139355,0.0,0.0,1.0,1.0,0.0,0.0,0.0,0.0,0.0,1,1,0,1,0
-0.8160407306065733,-0.8357118927001413,0.0,0.0,1.0,0.0,0.0,0.0,0.0,0.0,1.0,0,3,0,0,0
-0.3336984726090336,0.7435969389139355,0.0,0.0,1.0,0.0,1.0,0.0,0.0,0.0,0.0,1,2,0,0,0
1.0620380556287106,0.29236584416705635,0.0,1.0,0.0,0.0,0.0,0.0,1.0,0.0,0.0,0,1,0,1,1
-0.802887432760349,-0.23407043303763592,0.0,0.0,1.0,0.0,0.0,1.0,0.0,0.0,0.0,1,3,0,0,0
0.2711522804976662,0.7435969389139355,0.0,0.0,1.0,0.0,0.0,1.0,0.0,0.0,0.0,1,3,0,0,0
-0.5368057694182641,0.4427762090826827,0.0,0.0,1.0,0.0,1.0,0.0,0.0,0.0,0.0,1,2,0,0,0
0.5286989276421437,-1.7381740821938996,1.0,0.0,0.0,0.0,0.0,0.0,0.0,0.0,1.0,0,3,1,0,0
-0.7841792430073967,0.1043528880225234,0.0,0.0,1.0,0.0,0.0,1.0,0.0,0.0,0.0,1,3,0,0,0
-3.0585777291682934,0.8188021213717487,0.0,0.0,1.0,1.0,0.0,0.0,0.0,0.0,0.0,1,1,0,1,0
-0.798539974052802,-0.45968598041107545,0.0,0.0,1.0,0.0,0.0,0.0,0.0,0.0,1.0,0,3,0,0,0
0.6974165471111633,0.14195547925143,0.0,1.0,0.0,0.0,1.0,0.0,0.0,0.0,0.0,1,2,0,0,0
-0.9850567418873891,1.0444176687451883,0.0,0.0,1.0,0.0,0.0,1.0,0.0,0.0,0.0,1,3,0,0,0
0.4146557174979072,-1.437353352362647,1.0,0.0,0.0,0.0,0.0,1.0,0.0,0.0,0.0,1,3,1,0,0
1.6379421972192298,1.7212643108655068,0.0,1.0,0.0,0.0,0.0,0.0,1.0,0.0,0.0,0,1,0,1,1
-0.7165619336211217,-0.15886525057982273,0.0,0.0,1.0,0.0,0.0,1.0,0.0,0.0,0.0,1,3,0,0,1
-3.0585777291682934,0.6683917564561223,0.0,0.0,1.0,1.0,0.0,0.0,0.0,0.0,0.0,1,1,0,0,0
-0.37316263612134226,-0.15886525057982273,0.0,1.0,0.0,0.0,0.0,0.0,0.0,0.0,1.0,0,3,0,1,1
0.7678594338107121,-2.038994812025152,1.0,0.0,0.0,0.0,0.0,1.0,0.0,0.0,0.0,1,3,1,0,0
-0.9179864201772276,-0.3092756154954491,0.0,0.0,1.0,0.0,0.0,1.0,0.0,0.0,0.0,1,3,0,0,0
1.1248955097361604,-0.3092756154954491,0.0,0.0,1.0,0.0,0.0,1.0,0.0,0.0,0.0,1,3,0,0,0
0.6974165471111633,-2.1141999944829655,0.0,1.0,0.0,0.0,1.0,0.0,0.0,0.0,0.0,1,2,1,0,1
-0.8189865811572414,-0.3092756154954491,0.0,0.0,1.0,0.0,0.0,1.0,0.0,0.0,0.0,1,3,0,0,1
1.4787785499834798,2.4733161354436386,0.0,0.0,1.0,0.0,0.0,0.0,1.0,0.0,0.0,0,1,0,1,1
-0.23166125968823223,-1.061327440073581,0.0,1.0,0.0,0.0,0.0,0.0,0.0,0.0,1.0,0,3,0,0,1
0.021587667954472933,-2.126984875500794,0.0,1.0,0.0,0.0,1.0,0.0,0.0,0.0,0.0,1,2,1,0,1
-0.8823470582632056,-0.3092756154954491,0.0,0.0,1.0,0.0,0.0,1.0,0.0,0.0,0.0,1,3,0,0,0
-0.806763380796033,-0.45968598041107545,0.0,0.0,1.0,0.0,0.0,1.0,0.0,0.0,0.0,1,3,0,0,0
-0.7560434444325566,-0.8357118927001413,0.0,0.0,1.0,0.0,0.0,1.0,0.0,0.0,0.0,1,3,0,0,0
1.5182728441543658,0.7435969389139355,0.0,1.0,0.0,0.0,0.0,0.0,1.0,0.0,0.0,0,1,0,1,1
-0.7165619336211217,-0.6100963453267019,0.0,0.0,1.0,0.0,0.0,1.0,0.0,0.0,0.0,1,3,0,0,0
-0.7841792430073967,-0.3092756154954491,0.0,0.0,1.0,0.0,0.0,1.0,0.0,0.0,0.0,1,3,0,0,0
1.1248955097361604,0.2171606617092432,0.0,0.0,1.0,0.0,0.0,1.0,0.0,0.0,0.0,1,3,0,0,1
0.4770416648490861,0.8188021213717487,0.0,0.0,1.0,1.0,0.0,0.0,0.0,0.0,0.0,1,1,0,1,1
-0.798539974052802,-0.685301527784515,0.0,0.0,1.0,0.0,0.0,1.0,0.0,0.0,0.0,1,3,0,0,0
-0.5368057694182641,-0.9861222576157678,0.0,0.0,1.0,0.0,1.0,0.0,0.0,0.0,0.0,1,2,0,0,0
0.5198636196706229,0.06675029679361683,0.0,0.0,1.0,0.0,0.0,0.0,1.0,0.0,0.0,0,1,0,0,1
-0.9867906128533871,0.40517361785377615,0.0,0.0,1.0,0.0,0.0,1.0,0.0,0.0,0.0,1,3,0,0,0
-0.7165619336211217,-0.9109170751579546,0.0,0.0,1.0,0.0,0.0,1.0,0.0,0.0,0.0,1,3,0,0,0
-0.8428609376877135,0.969212486287375,0.0,0.0,1.0,0.0,0.0,1.0,0.0,0.0,0.0,1,3,0,0,0
1.3361591794576348,-0.3092756154954491,1.0,0.0,0.0,0.0,0.0,1.0,0.0,0.0,0.0,1,3,0,0,0
-0.8019236166026618,0.4427762090826827,0.0,0.0,1.0,0.0,0.0,1.0,0.0,0.0,0.0,1,3,0,0,0
0.5824597491940529,-0.08366006812200955,0.0,1.0,0.0,0.0,1.0,0.0,0.0,0.0,0.0,1,2,0,0,0
1.588760118059578,0.4427762090826827,0.0,1.0,0.0,0.0,0.0,0.0,1.0,0.0,0.0,0,1,0,1,1
0.5286989276421437,-1.8885844471095259,1.0,0.0,0.0,0.0,0.0,1.0,0.0,0.0,0.0,1,3,1,0,0
-0.8160407306065733,3.375778324937397,0.0,0.0,1.0,0.0,0.0,1.0,0.0,0.0,0.0,1,3,0,0,0
-0.1800831698720664,-1.51255853482046,0.0,1.0,0.0,0.0,0.0,0.0,0.0,0.0,1.0,0,3,1,0,0
0.7605376956829671,-0.9861222576157678,0.0,1.0,0.0,0.0,0.0,0.0,1.0,0.0,0.0,0,1,0,1,1
0.3444394801955362,1.1196228512030013,0.0,1.0,0.0,0.0,0.0,0.0,0.0,1.0,0.0,0,2,0,0,0
-0.6455926003653025,-0.8357118927001413,0.0,1.0,0.0,0.0,0.0,0.0,0.0,0.0,1.0,0,3,0,0,1
2.218822021910339,1.1948280336608146,0.0,1.0,0.0,0.0,0.0,0.0,1.0,0.0,0.0,0,1,0,0,1
0.36526093570402607,1.6460591284076938,0.0,0.0,1.0,1.0,0.0,0.0,0.0,0.0,0.0,1,1,0,1,1
0.047825129435189045,-0.3844807979532623,0.0,1.0,0.0,0.0,0.0,0.0,0.0,0.0,1.0,0,3,0,0,1
-0.8823470582632056,-0.3092756154954491,0.0,0.0,1.0,0.0,0.0,1.0,0.0,0.0,0.0,1,3,0,0,0
-0.2550339477875714,0.8940073038295618,0.0,1.0,0.0,0.0,0.0,1.0,0.0,0.0,0.0,1,3,0,0,0
-0.4507125974257932,-0.6100963453267019,0.0,1.0,0.0,0.0,1.0,0.0,0.0,0.0,0.0,1,2,0,0,0
0.3417284274758476,1.4204435810342542,0.0,0.0,1.0,0.0,0.0,0.0,1.0,0.0,0.0,0,1,0,1,1
1.3361591794576348,-0.5724937540977952,1.0,0.0,0.0,0.0,0.0,0.0,0.0,0.0,1.0,0,3,0,0,0
-0.3336984726090336,-0.3844807979532623,0.0,0.0,1.0,0.0,1.0,0.0,0.0,0.0,0.0,1,2,0,0,0
-0.3336984726090336,0.969212486287375,0.0,0.0,1.0,0.0,0.0,0.0,0.0,1.0,0.0,0,2,0,0,1
-0.272262193114855,-0.15886525057982273,0.0,1.0,0.0,0.0,0.0,0.0,0.0,1.0,0.0,0,2,0,0,1
1.0110997852233976,0.14195547925143,0.0,0.0,1.0,1.0,0.0,0.0,0.0,0.0,0.0,1,1,0,1,0
-0.6307359423566569,-0.3092756154954491,0.0,0.0,1.0,0.0,0.0,1.0,0.0,0.0,0.0,1,3,0,0,0
-0.48145578049281335,-1.8885844471095259,0.0,1.0,0.0,0.0,0.0,1.0,0.0,0.0,0.0,1,3,1,0,1
-0.8019236166026618,-0.23407043303763592,0.0,0.0,1.0,0.0,0.0,1.0,0.0,0.0,0.0,1,3,0,0,0
1.0515683442816504,1.345238398576441,0.0,1.0,0.0,0.0,0.0,0.0,1.0,0.0,0.0,0,1,0,1,1
-1.208550389612567,0.29236584416705635,0.0,0.0,1.0,1.0,0.0,0.0,0.0,0.0,0.0,1,1,0,1,0
-0.6811127586453682,1.345238398576441,0.0,0.0,1.0,0.0,0.0,1.0,0.0,0.0,0.0,1,3,0,0,0
0.26497567234198965,-0.08366006812200955,0.0,1.0,0.0,0.0,0.0,0.0,0.0,1.0,0.0,0,2,0,0,1
-0.8828741679067217,-1.061327440073581,0.0,0.0,1.0,0.0,0.0,0.0,0.0,0.0,1.0,0,3,0,0,1
-0.5972795597045879,-0.685301527784515,0.0,0.0,1.0,0.0,0.0,1.0,0.0,0.0,0.0,1,3,0,0,0
-0.8019236166026618,-0.7605067102423282,0.0,0.0,1.0,0.0,0.0,1.0,0.0,0.0,0.0,1,3,0,0,0
-0.8019236166026618,-0.3092756154954491,0.0,0.0,1.0,0.0,0.0,1.0,0.0,0.0,0.0,1,3,0,0,0
1.5182728441543658,2.0220850406967594,0.0,1.0,0.0,0.0,0.0,0.0,1.0,0.0,0.0,0,1,0,1,1
0.3444394801955362,-0.3092756154954491,0.0,1.0,0.0,0.0,0.0,0.0,0.0,1.0,0.0,0,2,0,0,1
-0.8019236166026618,0.29236584416705635,0.0,0.0,1.0,0.0,0.0,1.0,0.0,0.0,0.0,1,3,0,0,0
-0.5353074585700541,-0.5348911628688886,0.0,0.0,1.0,0.0,0.0,0.0,0.0,0.0,1.0,0,3,0,0,0
-0.5368057694182641,-0.08366006812200955,0.0,0.0,1.0,0.0,1.0,0.0,0.0,0.0,0.0,1,2,0,0,0
-0.9050797531497118,-0.3092756154954491,0.0,0.0,1.0,0.0,0.0,1.0,0.0,0.0,0.0,1,3,0,0,0
0.457519539438721,0.7435969389139355,1.0,0.0,0.0,0.0,0.0,0.0,0.0,0.0,1.0,0,3,0,0,0
-0.3336984726090336,-0.15886525057982273,0.0,0.0,1.0,0.0,1.0,0.0,0.0,0.0,0.0,1,2,0,0,0
0.4870824563024251,-0.7605067102423282,0.0,0.0,1.0,0.0,0.0,0.0,1.0,0.0,0.0,0,1,0,1,1
0.24200663802437702,-0.5724937540977952,0.0,1.0,0.0,0.0,0.0,0.0,0.0,0.0,1.0,0,3,0,0,0
0.4870824563024251,-0.23407043303763592,0.0,0.0,1.0,1.0,0.0,0.0,0.0,0.0,0.0,1,1,0,1,1
-0.8189865811572414,0.2171606617092432,0.0,0.0,1.0,0.0,0.0,1.0,0.0,0.0,0.0,1,3,0,0,0
